Label,Input,S1_MeanAccelMag,S1_StdAccelMag,S1_MeanGyroMag,S1_StdGyroMag,S1_MeanVelMag,S1_StdVelMag,S2_MeanAccelMag,S2_StdAccelMag,S2_MeanGyroMag,S2_StdGyroMag,S2_MeanVelMag,S2_StdVelMag,S3_MeanAccelMag,S3_StdAccelMag,S3_MeanGyroMag,S3_StdGyroMag,S3_MeanVelMag,S3_StdVelMag,S4_MeanAccelMag,S4_StdAccelMag,S4_MeanGyroMag,S4_StdGyroMag,S4_MeanVelMag,S4_StdVelMag,S5_MeanAccelMag,S5_StdAccelMag,S5_MeanGyroMag,S5_StdGyroMag,S5_MeanVelMag,S5_StdVelMag
milk,1,4841.126519588319,3322.376486995219,10049.273307948191,9662.308144002654,1359.4458588426683,1002.6520836638913,8562.149523280048,6053.553340063608,12897.599999793274,12807.957021236158,2851.9136338809953,1733.3168623028223,8179.428334951622,9222.350167576078,9929.328112821111,10069.250323221206,2524.7723742246985,1861.4160827655005,7508.364635836008,8438.230086654856,11431.454287553961,11077.91043993921,2093.013841469312,1730.0164964709763,4063.1937035392025,3472.730903412958,6685.899925045787,5846.053672010097,1266.4993369718086,885.9870156925749
milk,2,6048.197109344405,4919.29179115429,9421.427509372279,7653.402829666244,1923.164028083376,1248.801656493433,5891.163416728568,4274.265620828797,9164.963123834983,7514.270344733738,2052.8519000029964,1109.8161506401473,6371.779576405337,4763.541017951228,8304.758263582982,7764.859013269344,2051.224738388524,1251.7371120211806,5768.223365374134,3983.2127368685565,8952.188958929848,7518.120175191039,1874.9052352502224,1188.6759751320496,3181.5247211487385,1960.8986329536363,5423.9380961914,3939.274925025367,995.7595043138405,662.0871031017489
milk,3,5604.777097268949,4002.8058521404037,10346.380320728971,7847.817216993031,1799.072104747971,1175.5569477173083,7410.285827092674,5688.9232250742725,9891.35822735685,7217.675563718554,2638.5512866090585,1418.7542979587477,5497.964607908534,4985.727998014448,9210.554476523095,8350.919164454313,1712.0408130770816,1218.1219326219027,6932.048232864509,5918.2062567335415,10561.04749988866,8238.063591423988,2397.5662785786562,1448.4215132016723,3215.97561933201,2584.2134810928633,6031.643733536974,3755.8920124497918,951.6330772388064,670.0302771297625
milk,4,4662.859656619917,3996.785248504902,8928.815656670427,7365.816765671479,1136.5985775192123,967.6011298765396,6151.276008240434,5436.99259429748,8862.570714611771,9051.596393233945,1749.3646392838914,1174.6894500059584,5757.366860610674,4778.930772917933,8541.633938449408,8147.237848975521,1553.3663742089675,1186.210514427584,5981.712655096238,5888.607068896811,10371.268005489947,8749.533401247783,1565.1532526682404,1168.3905861449418,4043.069994415495,2751.6923011588865,5725.602228715494,3999.1616144547306,1137.3338125811324,855.8086088266944
milk,5,4745.599857391784,4178.799707275174,9576.06273082738,8640.448453726742,1172.4131991692798,961.6095292516756,6448.861277177395,5207.321502242965,10235.11054461898,9134.198049879878,1916.7266908361921,1148.5954122292253,6551.655711434697,4814.185438765848,8175.914060686206,6580.526034997019,1838.4287515779456,1226.8413761200727,5545.671438930351,5076.628634382484,8842.712822025833,6984.955422884239,1385.8686516721286,1080.885092333781,3438.3956350311037,2147.7983976619066,6365.602032866251,4402.352710105025,945.5204994965836,713.1112211416781
milk,6,4265.265927960992,2510.6524179533617,9119.189562867936,7548.007514253713,1266.1203691186404,812.7114825566191,6260.230861960155,4495.687439642753,9851.3912854058,8543.268155283475,1766.736560651581,1122.6857945687732,6307.919448404471,5608.4440117059785,8182.751182619324,6491.332508783698,1512.854638210563,1205.9574930254926,4512.854751937768,3530.949374872529,8920.299269943114,6377.338972655628,1134.352525367067,850.8798535917078,2838.9634673483297,1536.7927417389606,6200.390303678278,4410.185811794374,832.5866774616529,571.0244652423734
milk,7,6572.096807786778,5552.425420397723,9959.692501103465,8911.300422551321,1710.3060657017377,1330.2121538280662,9077.285619823328,7978.660243182977,9375.52762184637,8260.395811838907,2494.281604391076,1774.2377369178928,7002.881415521975,4931.421689547237,8240.99912586987,6771.657452752024,2183.308092481926,1331.9107098652314,5716.600558726002,5866.638309285272,8953.54915595859,6564.515548525515,1709.3251540794586,1197.8404052258784,3693.038478784256,2778.22934514393,7140.943969062886,4154.543154722841,1107.5128652518729,771.4590183348653
milk,8,6178.815657636652,4616.9144532841565,9308.67276771867,7087.412362141265,1724.345950178493,1211.5753901981238,7943.325396800941,5135.732824099902,9050.43031210551,7897.676266834553,2615.3806039780684,1453.3727636453548,7236.49449839763,4782.911495591447,8273.907005241255,8259.990677574622,2497.224898331733,1387.2069787976127,5629.209101245566,4491.241186404276,9832.141989557222,8042.609846759057,1828.2590352551529,1102.5228149494121,3311.094098550337,1609.5269089223489,5730.367439043874,3875.6536280730456,1014.7933013694721,676.2206558473225
milk,9,4594.909508362469,2723.6757534552785,8963.588299096411,7524.66951254684,1370.9059170376056,906.4828342437108,5062.192904097203,3030.804348965456,8580.58914602003,7210.8519933294465,1479.5637184496295,997.7575967042281,6276.369900660757,4166.077516091089,8614.980754417002,7724.214729975771,1874.0531697227548,1276.8301106761503,6638.986195206578,5612.410293256944,10044.104247551903,8369.542519714552,1993.805550853721,1321.274501393754,3616.3563760699294,2759.240395699216,6234.565294316442,4355.946036414471,1192.437206014779,728.4302656455313
milk,10,4178.660930203998,3299.9280795778955,8996.292556263654,7257.1928710152915,1213.5632734881779,843.1557128535077,8225.430730755805,5806.103796311091,8342.914529465384,7278.8399293112225,2473.881174675798,1424.147983164671,7254.436013460522,5905.251275484135,7921.021117798795,6476.070585828689,2596.9518015055637,1335.7787221986134,6355.620808689513,5274.331913726406,8382.992515333659,6059.424020202733,1929.6146992781587,1253.4832231051537,3568.4903705550314,2697.288170599503,5874.363190008679,3892.3395823554565,1098.5436381846914,735.6654380925403
milk,11,6235.228727603453,5337.439902656388,10709.485402753218,8188.2797473410565,1842.5568230058714,1308.3201841728292,10132.502205490622,7818.614970423323,9522.48899659772,6884.781280362169,3162.8778145436486,1973.1346578980394,10142.262716046767,7299.225198518515,8876.158925550213,7958.421776073148,2886.2478377162342,2103.2106673094827,6775.863831835097,4894.14689526469,8979.728463644116,7377.407587982358,2002.285935870926,1441.725477259059,4513.300950933131,2877.440881461528,7196.541475605682,4460.26383144957,1485.81712957317,956.934931761475
milk,12,6747.5834471870585,5059.358469534178,9215.24383472819,7278.040569772477,1957.4856608021612,1458.7374553729157,8313.271421771438,6471.750363538314,8613.138518795651,7064.537501212564,2302.2083566687447,1768.8917758477364,8847.664123774684,7342.458719861512,8122.118507922043,6955.399108302141,2756.694383269996,1835.5441867543507,5044.750086931409,3127.9881010652102,8947.076179677351,7066.719491128831,1641.5548209748074,1045.5160412079163,4518.291382263919,3460.3823466431563,7699.85261274981,5607.227375065143,1233.826602461284,965.234955963414
milk,13,6062.776997757996,3239.26891064273,10085.109133437096,8850.035336322882,1903.3758925325478,1114.285422304138,6763.485808419901,4176.25989604366,9623.361750714887,9070.058711007758,2269.2738634586053,1153.2188373784031,5887.546965162418,4689.11364044494,8202.612901107495,8031.428099244547,1922.9759451529599,1047.9319556849575,5785.063866097443,3904.7618448727067,9938.40085047363,7427.195511113535,2030.3054420184612,1062.6340746502156,2833.1275525949686,1763.448686729286,5951.9690620611655,3708.3086908679443,819.851147613839,590.5805960261706
milk,14,5116.244959520347,3029.2827557332193,9435.458905044627,6442.187017132773,1741.0592559704237,961.5957219990523,7353.827773638968,4961.647264332294,8796.756213955037,6245.939682585274,2123.35493381069,1385.2002370368773,10477.80199359987,7027.886551653676,8747.196827478514,6958.630563379536,3360.858530816562,1907.2621240073902,8093.204061165958,7179.562209795724,9263.652582957979,7211.201066553059,2526.313840484327,1475.2131688240827,3157.6538275793228,1601.2695916595842,5842.268132536346,3382.5136417020244,1006.2515064032224,618.1745205156943
milk,15,6406.662849164992,5052.47257658358,9440.313553349682,6604.33034895986,2131.6616927648315,1158.746588373604,6886.185056570157,4420.118026328014,8673.848972745562,5998.350817453973,2391.560910324862,1210.2347888832126,8905.916879622362,6943.332451586737,8027.4171213792515,6267.663376660975,2803.357924655512,1728.063173788544,6936.195632193345,4567.2112554535925,10298.45301975307,6691.947123684473,2362.5144530672724,1380.0310982101873,3853.2376111196772,2033.4372162062743,5942.108365537381,3728.392220141367,1277.7871657542157,773.1560586725086
milk,16,5565.84298891069,4728.0260492930565,8560.353900627584,6397.118985509033,1411.8325565613893,1084.2329640784155,8262.121734993325,7160.728275542292,7747.510429845817,6947.281674920075,2515.106432411968,1471.9215010715736,7076.283836702853,5899.442521325041,7443.727397673474,6756.634405650884,1872.8496736396614,1301.8900124021056,6423.611359879782,5577.179179228818,8562.175341371678,7264.393975401993,1829.2342727215857,1172.8492652552961,3037.8398022017873,1962.7268878166938,5074.149612740814,3675.7519453538002,995.4210725013035,600.7486920247943
milk,17,5295.325638121065,5430.06416962615,9640.176420486237,7038.724024594314,1525.6707281966906,1095.781671325499,6443.947209202919,5923.38554924512,10239.467376581433,7738.104467514932,2092.3613889242124,1252.8497005594147,8705.57317396384,7175.023708167184,8022.540799817757,7318.975183743928,2744.523610844104,1722.5823584669874,6058.849857162879,4695.557198922976,9255.204368237075,6998.381893939153,1987.964788419549,1184.608804679196,3319.385574029282,1749.6046441771625,6859.236101394515,3743.4213727653173,991.6347996100922,675.8064770179939
milk,18,4790.379267988505,2934.833380078998,9121.541158542339,7498.297014107142,1333.6959977636661,912.5738044831118,6570.0933015194405,3965.315688482997,8397.200932989712,7004.155486905377,2003.1355966118776,1158.9562758091522,6145.248679998281,4361.103032603035,7505.295577004864,7211.848661355231,1818.2398848027783,1179.9866713718206,4468.720067903292,2804.510109576785,8697.903519711459,7284.64444177209,1272.7321767300687,862.364345873853,2494.7292646268666,1343.657469824171,5315.600943310942,3080.133345160858,722.9562864762445,471.75166300892926
milk,19,5866.858697499212,4445.658052929605,10222.756901504452,6624.066265915755,1813.0888829874061,1115.2233809297156,7321.521945750785,5519.133482521476,10296.076016048544,7371.256981292263,2315.023021527418,1308.1409078730178,7964.103176564138,5912.832493233762,8441.94980937404,6770.615602348106,2576.5651196225576,1434.6626561848857,5902.0919493474785,3985.86692219493,9989.810854830279,6438.862039674801,1989.852230898875,1152.3836566248085,3636.4589334702955,2158.9416215321985,6652.286529589368,2985.2887669359307,1123.7649746153497,670.0855605217939
milk,20,5367.917447767497,4147.131451250765,9205.988358019928,7980.99403713294,1520.6310825585467,1066.981513238431,5265.614311239999,4172.378209758136,8244.34790740547,6690.512248263137,1360.8755310981178,1028.4049299481223,5904.384673810026,3827.795399923731,7872.180277644544,6235.763695311448,1728.7454814394266,1156.6536602947908,4965.792176982537,3485.222023776825,8091.888275752288,6916.706116913069,1419.5432814098474,935.3386669474876,2832.7194411111923,1799.841817480274,5250.346314066686,3149.34023663947,829.9268887750075,587.5863210840658
milk,21,5339.450101008222,3916.3230993935226,9891.841014671738,8327.230592487396,1635.905352908167,1070.65355924338,7420.608700961082,6924.204034199216,9209.619561365675,7951.471900136521,1647.8907597722414,1518.3048001732056,8935.591384974949,6960.710064408765,8639.603627258066,8097.411766738757,2348.6647581996876,1724.1810486070237,6753.452092747484,5839.09679068301,9128.66774032831,7107.927117781189,1912.0589363888082,1332.1096908296286,3451.3908403216765,2236.5750082086747,6112.07806912713,3355.608386812319,947.2432249851479,721.4762118299255
milk,22,5852.920683599234,4282.139240087397,9720.756081908221,7089.412456423617,1943.3563132773618,1158.16604189372,7639.328251401825,6018.696733291516,8464.14615955662,8576.550279448778,2410.9684606432606,1483.908263216739,7211.5889411432145,5608.410866188468,9125.90191133677,8713.954928283705,2318.659718920997,1437.519937870296,5590.196254983539,4418.100024984497,10626.258559671187,7981.066224854599,1820.7521141660045,1083.8669820822834,3843.2091280027294,3480.7548891636284,5609.664990865534,3407.7506102277493,1098.3334940607392,850.6850995903942
milk,23,4499.9737236238325,3902.8060401069215,10124.625584930764,7238.04873239089,1163.118776377702,881.0231108883735,5155.438018501447,4049.4409907282115,8826.072926132436,7258.129576729258,1398.9430766673884,951.8344541965104,5852.1144500946575,5092.700066074312,8396.183531274302,9007.091427545198,1786.2794384683414,1075.380957265489,5131.3602816329285,4594.788369455119,9289.957645339253,7826.769279469834,1432.9472897361525,957.9187342031257,3841.459703614093,2914.591454305238,5669.3685784287445,3800.1034546015762,1217.1533477448475,769.9055519662605
milk,24,6588.811343888892,5481.175382583652,9820.999489984653,8645.407763241776,1843.6681712625896,1141.3445122605153,6257.887130299837,4167.689067628207,8319.105165247809,7679.680586183075,1945.1044965447068,1105.1749257157028,6211.320398102143,4417.2469833732675,8319.862377594898,6848.68127035278,1743.8324370745856,1176.4559132072104,5640.352903923426,3991.472237057721,9351.552488172547,7634.609866322826,1612.4046206980847,1116.5286311038444,3217.8176635670034,2121.5084218631305,6291.307235675947,4071.744691017781,945.3159598553441,672.1605692398404
milk,25,5223.210205781194,3754.266991867144,9736.080459299908,7427.352117513916,1500.7911578564303,1057.745783833019,8296.40477530896,5831.643490837782,8890.230947305172,6888.657902928362,2199.9225598697776,1549.8703897547543,8423.608666982327,7426.271811988857,8453.135329228688,8659.317184729165,2520.3113917748233,1664.2618542554542,6427.5449645005265,4485.793266449527,9072.70271757616,7365.694206827093,1860.114323871855,1209.5320852935158,4561.682654253185,3912.2254359744684,7871.1302538474665,6128.125250797925,1078.8648938585588,851.170947341728
milk,26,4943.773796301651,3413.0727579413197,11353.502731591045,8922.633327947793,1406.0592653646108,980.123373944136,6227.636442846989,3803.599260664049,10094.97798515767,7800.036154431081,1902.7425703956671,1187.37784950542,8149.654777570751,6584.9812836801775,9518.537224766464,8121.374660855459,2659.4024367513607,1581.4618893659574,5870.320484181406,4112.392237250745,9798.674831080516,7748.287961607988,1756.610718248573,1189.6744740180202,3174.383384309451,2249.4130633167574,8031.551152397524,4694.557702693834,885.9921256521873,621.4179170362744
milk,27,6074.234160472623,4216.484301375667,10415.909802050759,7855.4176445649855,1879.2695013453108,1163.6150089055632,7624.282813740767,7686.745577687425,9990.855503011608,7974.748730708865,2375.032863070268,1343.6398147498605,6944.499998681541,6766.345377551465,9395.100332937613,8044.695190172562,2266.296413685552,1350.8047437346625,6860.382918882344,5427.844526725814,10275.052203903637,7851.422457956584,2431.6773895315964,1354.3269389154993,4620.7975786367215,2299.095199695961,7372.3280957059305,3994.8811519261717,1384.6932664364283,903.353024683239
milk,28,6540.783020741317,9377.204139592039,10393.160693615348,6932.356044516103,1756.4023184249281,1289.9780342622582,7168.3665043216615,7816.600550093323,9549.897346289272,7389.314945435546,2032.2050328381824,1451.515211964888,8034.456467366956,7134.741009594202,9221.86941017768,7573.237124927434,2859.8719982061066,1439.2287930864798,7036.731915304481,5338.035776588177,10479.19454687099,7364.292164650266,2334.479963101062,1342.5860408512997,3887.156918116647,2522.3524920077875,7514.177094234106,4359.21647592632,1291.2445998675728,750.8578831048374
milk,29,5426.373545914737,3425.64251494471,11187.0737529244,8219.405774393303,1448.8674544178866,1008.0166162050361,10465.689472171209,11058.371755013697,10572.233072790194,7701.953628680921,2337.4189948581725,2128.757827680117,8254.327519227965,7141.637536679939,9283.408262858557,9793.412795412001,2108.3865696845123,1606.5453832233484,4673.916803904141,3073.0849663135737,10227.822932132029,7626.104389706724,1266.329327078612,913.681256109872,4739.958193836365,3967.139879142592,6758.702860071725,3169.8499411262824,1057.1322072420212,907.4807681812007
milk,30,7826.3728850187645,6425.667316679494,11190.284516199677,7388.639314193904,2542.987179258814,1443.3731318467305,8455.574277731213,5784.267164798863,11764.054812740302,8337.379329357142,2822.0369048011944,1649.1409129605036,10466.840456888975,8489.2672740368,9875.073159578742,9134.436557224946,3382.0899877825177,1975.5431964979336,8020.4066147906615,6376.049343709803,10937.38535469204,8628.322203097663,2487.8385867342904,1619.5486211119983,4083.475486595434,2461.4110689549966,8149.45537912633,4411.504925887415,1480.1967098972912,795.0747219403765
milk,31,6134.811691691168,4172.376841500461,11476.688753944694,9773.156360412913,1915.5592462661464,1221.5405326234725,7542.767950984764,4769.426709531986,10713.554971799598,9318.983467429702,2781.6756878627357,1322.3133079063775,8111.569267021781,7358.955192573719,9864.388265749476,8717.632615784749,2668.5444677431456,1649.7016738570292,5091.840739745596,3007.0830352797084,10807.590887979126,7448.419759708805,1606.957306237333,968.8677231602211,5736.350691625941,3777.161003013056,8917.827810952218,4850.475924763175,2138.2871950805907,1063.1474065285977
milk,32,6619.732308427294,5696.368682306637,11568.230275815198,9764.044020254243,2321.460175126164,1164.0779819916843,7574.269047869106,5842.546909567097,11092.01040509735,8060.459186560783,2564.026316585428,1385.107352304675,8006.753614382876,5877.609808295098,9321.1776252805,9684.50542860709,2748.727544391064,1392.3670924709413,7423.407720984163,5324.989559429456,10559.330026711032,8134.22884210598,2392.9343759176236,1330.2410806485664,3906.809998534057,2750.4051765793206,8718.396210756626,4916.457732683615,1252.766764371744,781.5294362030679
milk,33,6722.334362183091,4965.8158668050155,11641.172032027269,8145.621346895281,2009.9719224696628,1303.0162074736306,7655.207439155332,6356.867590527653,10771.561764738806,8141.842736654707,2387.8026221628866,1450.8824875095042,7654.652048796845,5223.578659487217,9684.214607549691,7827.878466013071,2686.5392211597846,1403.2252092749561,6432.664220889537,4209.465586186399,9797.157992015633,8382.650529783776,2005.3576424952294,1225.9113129763773,6135.8001147502,3940.1232787606314,7799.118089641629,3719.256334279032,2021.290198223961,1177.1691044700049
milk,34,7546.012033339921,7341.151196691779,9779.533914300759,7677.220953918893,2668.0160021197958,1423.8882937188146,7024.159969423801,5269.218986144363,9523.616639651016,8022.931347921548,2349.5105043696694,1328.8337324428828,6863.335513167198,4308.283432377444,8912.594823629917,8721.954035496014,2048.8350574380056,1289.185855894667,6765.5970935438345,4090.212337743754,9996.976940801398,8845.356036931758,2365.776837012714,1252.5700431292928,3912.463983800189,2143.9040499673374,7378.877521494895,4582.041284763523,1310.1706398878814,785.7006850799562
milk,35,8206.338164256356,8791.167211119899,10417.73131104907,7108.4645902464645,2262.2832950163347,1471.7328917789894,6327.775788864465,4792.0389257455645,9363.450585059047,7094.164374498763,1978.6913254575966,1173.3831102762283,7824.805637731174,6264.525060348186,8738.201839258782,7093.2827527263025,2567.177334819027,1401.2050069309837,7232.960802815152,4746.398584710264,10720.165711804226,6188.061688057659,2298.6342092011164,1337.4840394270484,2746.1206925532583,1562.2546661574777,6557.6284355684365,4121.178812066306,851.9555257802796,551.5446706593161
milk,36,8125.199645715808,5176.446485501389,11761.96232392822,7704.247925851886,2573.6975735754936,1593.5143911018488,6023.7165099826925,4198.782848321873,10647.304983977861,6899.661274523568,2025.546909125198,1168.848660820048,6632.133385929928,3916.9987555823436,9542.762126232936,7520.525453443015,2344.9895934898886,1233.190546369877,6321.252060683689,3664.347879951112,10826.334774930057,7462.1922296594685,2251.2957669051943,1178.3612228972977,4988.731003938015,3338.94968071512,8277.515917035344,4012.460185874316,1515.062726982209,961.8496869606847
milk,37,9413.145624057646,10838.782609697659,10541.816905032487,8843.841246710688,2450.2835692023136,1722.0105428061463,8636.736039631312,7037.391425928619,10108.71894310346,7407.977179489773,2385.692215520026,1757.8829681608563,8318.703333795687,7117.484516617968,8881.754188482726,6779.043297941795,2232.4902829024995,1545.2948432169271,7862.657443617934,6308.91440141008,9647.177775284013,7420.623937939196,2288.0033150205186,1398.904237822686,3178.8155585458135,1948.8486715871677,7268.401976305181,4778.007438864336,1085.2260505946333,648.3253750706974
milk,38,5741.944254249893,3779.017555011705,11058.63923215041,8287.517591724543,1742.341561738463,1085.1459570331288,6460.8227354158735,4186.538914369882,10000.649788993986,7422.885762821258,2193.9661962504665,1137.3497374472915,6414.756548204281,5174.131272713352,8878.474276366833,7546.688832620068,2225.4763656287632,1214.80459661083,5210.0975424193875,3820.916002541205,10082.257956813548,5881.934035015178,1918.0681358133352,1002.9101466929068,3742.111602254744,3327.0648109513036,7309.120855554136,3425.310931164288,907.7537835862769,608.3910547978326
milk,39,5433.245107563373,3862.2290974434272,10627.536398101845,6877.282672013012,1698.88896310862,1010.0320846706234,7471.308933810734,5006.691354133977,9781.7704902237,6510.601451792976,2270.908429816316,1308.0924077056875,8427.743811459099,6467.393466336563,8392.555429886626,6772.741891677294,2534.5465688178238,1603.1985392046238,5449.49333741782,3509.6074375118924,9530.068480670503,7515.38199735919,1806.8346349331423,1071.9388521261856,3079.1091304879305,2048.949355778678,5645.279578672188,3529.727974274613,938.541298316557,610.7525741828083
milk,40,6227.602414812898,4219.0247881491005,11452.531237918089,8119.701772202619,1858.453959575888,1228.2902648175027,9521.966653819622,5738.430799752417,10033.059025357095,7188.151166151872,3013.0887612890397,1685.366514403567,8750.60244263411,6707.31275481962,9112.41218225945,6392.623087540793,2441.646377172755,1717.8865744366778,6426.085114990616,4583.698080687257,10306.036934236314,6179.148175833539,1961.6560147938444,1256.6365375266778,4359.833072550301,2686.472329933178,7317.859774718556,4370.4383831952255,1609.6847854406938,825.9956823653087
want,1,3187.235478942127,1937.180812875388,2734.0198385578287,2096.883623051652,939.1442069382854,691.8222869508298,3192.511425824171,2024.4919846672938,2904.448367998968,1948.7785411965447,924.5896915829661,689.6270152043173,3337.8309332545386,2237.9532302997613,3004.618981659014,1850.581418785553,1006.0211663325733,734.3909545065724,3113.7641574892336,2000.2847976064218,2783.1829950223037,1827.197686340665,936.5391290814096,676.0801663858166,2615.3352380004826,1829.3966472236032,2842.7084673549293,1929.2015206112053,848.2732054115386,580.1383891700092
want,2,2910.2506920913524,2169.5792009469956,2489.6999080173,1636.2376219604073,987.6905727857111,661.5825035761195,3119.714363640412,1954.047540183119,2428.221101477879,1576.007564968378,1071.6525664544088,685.7252357870677,2858.872104745773,1498.799282327849,2404.935115687626,1461.5405919209172,956.0297426500953,604.3383264820095,2961.6781331508896,1865.8560061311966,2465.6334398849076,1386.4252558725684,1020.2476389637155,636.4359934526967,2935.7727883423836,1914.9526456882393,2758.046540672239,1602.4143887384107,1045.826371976968,662.5502151877082
want,3,2837.6602430977036,1394.3625227116092,2853.8144877526274,2000.0730363522248,845.1329682035762,580.8908038429836,3383.453301034413,1904.522974321742,2866.865709732901,1910.221740036394,985.9504628168869,706.2564011554009,3515.4735266092307,1905.8450576344499,3013.90324702969,1870.0377666758204,1086.8020563977898,749.2286583653521,3502.7624076364077,2208.4608929408723,2854.0999013784894,1841.0412822506985,1103.4640162917403,757.4053467933267,2722.0804139789243,1638.4031005318348,2783.1608864787404,1610.828420014023,798.3798810041785,589.9217389307755
want,4,3155.0717026316465,2036.8706515763445,2640.8321384888886,1559.8065857901108,985.8148939747589,692.2063973914474,3037.286134322333,1883.503368261735,2828.1707810914995,1458.8989218689208,988.4233598608873,653.1223158956998,3264.6542662738493,2260.4087067829028,2804.223426944156,1417.4247896370284,1003.7702543049566,739.7002141688506,2918.066585040544,1766.6840139849048,2879.493186421877,1292.1762488530678,899.4721126494157,650.7466108213001,2427.0910453064803,1189.0860178275987,2584.3053082566857,1466.4008485800598,759.541144353758,505.3135218387738
want,5,3373.1360087387147,2609.7328343242825,3073.0968512649683,2255.101811503271,1055.4344907344284,781.0728184021972,3310.8284682008734,1994.467185528671,3219.143293961715,2341.6636013081215,1021.3125094679422,720.6948299653102,2962.0961146045056,1618.2683979627398,2891.3005748516953,1659.6049374360925,947.8018618921377,630.4312775612475,3102.9640627244844,1579.8134464044679,2768.0218068795193,1804.733046849157,1036.111259924955,652.7655521461062,2852.4768320395074,2070.3933014473014,2877.02247363573,1650.8279074285563,1000.575369820427,599.4422297712664
want,6,2936.5597327626388,2049.0370752909816,2405.497834303499,1443.48372450512,895.1100080812284,670.8263592128226,3231.1488232664087,2179.1439332692325,2450.307495214509,1497.6772508272938,990.4060486894932,723.2683973864683,3155.258713006224,1932.6464896608243,2520.922192233608,1507.5125478595862,1016.0395249659072,684.1933497415358,2981.8902265524694,1582.2822683677098,2434.4838903597993,1412.408127571,991.7121236078451,644.576382980371,2407.767283608439,1297.0746732493233,2480.2151859866044,1595.1067675711975,797.6300319423749,502.8192620797725
want,7,3127.034365626528,2339.2902932707384,2371.352456309506,1558.548412130619,1049.3551669139292,725.8414063501652,3140.6361140052436,1990.464217062453,2617.0502825913727,1566.6760512749324,1040.780511273093,697.6248586353178,2890.581210912002,1755.6244652893467,2711.7656862473277,1519.6188627058955,955.523826058177,633.5558384578214,2812.9331695102615,1616.8070335908842,2859.9917692748177,1585.8793159254897,948.3696287557702,611.886669492675,2096.565037616311,1352.7858452264036,2545.437301633813,1615.2900106331285,723.0288467903122,453.76635358433487
want,8,2980.902345811791,2059.3819958263603,2615.529223116907,1307.2321816614935,1052.6018151539238,662.3810220790646,3222.739808604215,1898.0045115957098,2685.7455814086434,1380.747267132529,1190.4874014176087,696.7762403455964,3655.8072954921477,2315.1731076155806,2812.5203283765286,1434.0199383965291,1361.0101519774664,773.2429535452467,3101.0020875445543,1711.103168439682,2606.9722787113824,1393.2087650565452,1131.0008750201912,645.3278772472288,2767.422323932229,1603.3814833038139,2482.2958066600327,1559.2926271191106,865.6375338798064,587.4794356655099
want,9,1938.732238049252,1105.2078126526883,2557.323092117504,1679.514962354479,504.2423369044195,365.0186213667215,2057.4563469189443,1338.121399770198,2478.251163611898,1557.1201728049998,541.5619772743694,414.540667781245,2667.9137859007997,1797.925340774878,2520.695919916663,1721.2231255899064,613.0294273335411,520.3488796053057,2902.140069365835,2076.2192846087496,2443.5763182178057,1690.8826454828597,648.2129220985529,567.8907732802726,2412.315147796787,1355.81972537287,2842.5107133208066,2092.3343350565265,617.9757735056534,460.03935093795525
want,10,2964.746171482344,2057.3045809215478,2112.4797921334593,1357.7663077929783,965.4485215292837,692.6867633674699,3468.98618844588,3077.547046654482,2200.3112545208132,1414.8540148117918,1254.3527791839288,693.0519176029113,2616.9558699263607,1861.1207577312027,2228.4396326249002,1492.590603613931,856.407480483104,603.6246006184377,2446.2108736386817,1738.2887739647515,2088.558794717612,1448.5358033226923,805.3064382733406,559.7163787235849,2420.3905779185247,1681.9017362269499,2563.551385742625,1760.668910217667,790.9786404374067,557.84748951233
want,11,2813.213618273341,2462.7215916464074,3335.6999698984623,3379.156661368247,832.2111149712895,634.024095066887,3101.836825096645,2963.4311718807244,3231.746256288224,3379.6201493240405,1092.5735049894922,557.5999482387075,2675.503055678741,1689.049258918674,3110.493079367032,3378.1632477146213,802.4192393833349,592.9015255646448,2472.654205394455,1467.7129080801587,2820.036696369465,2886.3480440046715,758.1151432111067,551.0508570308652,3493.609424039807,3484.284172145012,2940.419271570867,2376.205406183281,1019.7389582011899,806.6955661937632
want,12,2495.6746331338763,1661.2596502449856,2640.3305725438936,1553.4451829530506,811.2723361845781,549.069678617337,2744.4739264055506,1737.7958359025097,2576.023152413026,1337.5954870520673,906.2405586871236,603.2678817704472,3140.2884278637775,1964.7414816776384,2878.8688364368545,1880.5510755075786,1022.0976923005642,684.9165405280421,2978.903476835748,2224.1242266779736,2342.6475284117837,1171.4974637728246,965.2013620705932,669.1745980572978,3145.825555427745,2514.5486821331815,2638.135381234887,1744.973564707115,1076.1288883969933,725.593842518799
want,13,2186.071576466999,1344.7211839497027,2299.8073251734386,1177.164383520243,765.2142967962695,459.44395702427454,2599.6403349654715,1884.2738996283451,2343.520964610193,1127.0480750316333,883.1619976361312,552.1046481313443,2797.262896038441,1914.9546444881234,2514.048964334105,1857.779813697149,956.2203498835792,582.1353188632073,2466.3077778721054,1466.2886635337386,2219.964434835295,1394.5728183090368,845.9381018293868,514.36795445341,2350.016238541207,933.7388171178477,1982.9087629829232,976.9534086564894,776.1062350244637,475.4350581324563
want,14,2566.6575779985224,1708.2518483241165,2619.8899535397577,1549.657857429002,852.4102252535636,551.5307326550375,2719.3218884988773,1835.4184718289443,2803.9712057701827,1770.7841860209014,918.4980382006869,582.7525565683942,3070.435279847296,1941.3692828179437,2847.4709016294737,1764.5029918148148,1006.7958754421861,660.9092205144808,2669.4451105216312,1992.1641001464097,2714.5261902876973,1597.3580237354927,832.495026348626,561.9994889041494,2579.603247968548,1695.8670593740876,2634.8217017336115,1577.211534662867,819.9767458455744,561.5728543443613
want,15,2228.8713820220855,1191.3668043062808,2663.4238954307257,1344.189508402227,730.6977982084886,459.91541089777496,2456.878802226382,1364.223790721544,2579.2556627173935,1312.989982859831,799.8384878465656,521.7540933303269,2950.701750861983,1854.7284646168644,2862.5861194436043,1708.5165594072557,990.3140577688604,638.4131499563657,2654.467253026336,1427.291351690613,2370.0672240129115,944.0352104978571,880.9284341041812,559.6655375418508,2092.166612347115,1465.9533983657175,2424.509198689972,1141.6241535495428,702.4457795375915,449.2313559132971
want,16,2577.7339522667517,1303.6871447288388,2580.8413589498823,1666.1042055296916,912.0196140345452,542.438938367947,3261.3363836233966,2954.9977991284973,2551.4400396704705,1646.5067583269583,1298.457812146408,582.3600661374447,2973.2408967272854,1635.2752276079793,2514.089568056347,1776.9731779180713,1045.927942450935,623.3072983828902,2889.7962439337143,1650.8044004504575,2314.836574756026,1513.058876389742,1063.5388911009134,598.4145581641194,2982.291503248118,2027.9497995892502,2462.351847173464,1434.7836856026165,1116.3280375470636,613.8455412224371
want,17,3839.2637658916647,2608.1122935777425,3329.5026009960084,2123.634905347624,1420.2744913923914,823.7798451284905,3936.8727590512217,2823.169031255554,3700.440457499599,2532.502082032739,1466.2648592722392,838.1502428833647,3672.3557107961824,2882.1425248211904,3485.4692347762407,2678.961399904509,1409.9871819342077,761.547672642051,3402.28015780191,2844.8154997868337,3201.9022880206917,2139.7170637651743,1347.2252343446708,709.2629096535128,3373.7122137999877,3118.986597992493,2649.00528933283,1681.5562106533016,1282.6247502378678,735.4830214315823
want,18,2898.2573087874557,1554.8923023991385,2454.6808174176213,1684.3457530602077,987.8334182248863,619.2821285751933,3028.58300478974,1527.339675088273,2466.3445664338306,1517.1901490493271,1043.1638890666586,625.583464799843,2988.205481097396,1667.7241986430133,2485.025498834926,1447.5831004264405,1028.0382571676118,616.8866050326469,3041.5944055895025,1669.9302296463297,2322.6227469271535,1208.045883527014,1026.1173044611546,628.0982350927958,2754.168509623487,1476.1088444279249,2546.6544436483655,1266.4113252202192,946.0126458295049,580.6033112481201
want,19,3877.522193397532,2705.5158731209826,4141.7147923710145,2678.7551301686985,1298.3513711705205,861.0090063995482,4146.429659408336,3340.618891699391,3892.5764146545416,2739.076186613872,1339.5655943835736,924.7024529416432,4259.110642519282,3383.13183822017,3627.726072704855,2812.832448825811,1413.5596487562218,946.4751091888403,4419.192594285426,3459.472476348504,3642.661910565302,2694.646600032506,1407.269099308522,1010.3496509247417,3911.307073803373,2299.7229125300505,3561.4503555565393,2514.3274117855453,1368.8228304396291,827.0935631265144
want,20,3264.3295906703725,2757.364198555171,2308.9609754947696,1435.9739490646207,898.1661738455151,733.3422818002258,2753.746166520196,2034.1181259640073,2451.1300730831044,1623.7578394199104,753.4215196967855,590.0040152398134,2657.8796487676027,1870.4294353615705,2541.47397665152,1734.3214526157228,756.1492749567898,562.8714721708911,2619.5029751285715,1551.3117556740692,2604.9252381032143,1747.2891157140857,775.6046277399369,544.7600384683044,2587.024226546472,1473.510485630024,2765.391755111155,1971.6261935299106,749.8547848083351,564.0499494553518
want,21,2402.9924484686085,1192.9841962921564,2387.15142019361,1591.3294275754565,806.7898247585158,502.6202011114505,2346.833055692907,1156.3652574801326,2359.5599827489164,1578.555431497397,784.1041145016657,493.93712623805254,2624.8144634821574,1539.0740827831753,2116.022420360077,1253.7103025753124,897.3154927009406,552.8701120104274,2981.15300157197,1629.0551805320877,2012.542248611689,995.4994243107357,994.1379187568998,636.8191586937411,2701.9449902784427,1840.0072743087803,1869.8230503631073,1202.0969481829677,889.9239491640287,592.1731155418368
want,22,2936.8757719904934,1988.17069184093,2808.829074273214,1637.8591725229248,892.4827832606131,640.3756138164973,2794.085576658649,1916.8956127833624,2827.671748326775,1580.3339884228901,905.4287070225914,620.6066398826376,2992.2844644831,1737.919498599716,3064.0972028413807,2133.992946108217,924.5447313855875,665.0463795312555,2913.064330258067,1805.8803138021412,2621.79765977013,1556.4842293527645,867.5424498410277,654.7133846329112,3173.267203626071,1782.3314098088422,2586.037688242915,1983.9088893488129,903.3435515354388,692.0637936242318
want,23,3155.8263085517333,2116.4117771012193,2850.8490340554013,1719.7928483615071,1081.6559172988989,663.0476704958824,3398.929650049144,2377.2439365821933,3037.5376912761963,1845.2274145959557,1075.3081226234608,731.5012502634107,3257.5586191263915,2263.258456949925,2658.330853370517,1413.8146688192126,1057.2493886518005,704.8132753926625,3217.9699325514994,2232.4184225172703,2415.1102264327856,1086.4472492623738,1109.6036077604472,688.3303253314556,2863.1568261017537,1970.1079892094576,2734.131992687603,1440.2783030762212,1034.7355720132011,615.1217898765825
want,24,2905.110135613655,2021.0762231926858,2185.9882691096946,1127.3303252883777,925.1972888408727,643.8418263137916,2475.1831368404746,1356.1646061966626,2269.76094054068,1353.9448581998774,823.0182972057262,525.20138195643,2480.9589293124286,1080.9626686731267,2394.2397317927484,1583.1924868615906,814.6426930229345,502.4682447676588,2817.417426149558,1442.4794788241525,2528.852229097683,1772.6821125451906,915.6279761088508,566.8453705617177,2616.737404450325,1698.366525856706,2699.5526738449535,1513.8422407525043,869.3409683273096,556.0487374498159
want,25,2704.8926673118744,1669.9127696746482,2884.1867746955286,2048.839128304466,812.6806008481421,595.5502813918476,3048.1676725821194,1943.6781729044822,2836.2052111853623,2063.0928617721,954.0996129088145,665.3215386533889,3513.2221072304483,2321.547851168967,2676.1547773203392,1904.6023900214784,1136.3764666910638,750.6340789345603,3445.6346914908945,2511.1434791334495,2547.2400319628205,1639.3681140354195,1091.6280757278657,765.1736628855041,2404.187068481332,1428.655325733656,2407.3173293513314,1525.0311147005407,778.5294520405971,499.48504430388107
want,26,2940.324783289576,1818.186505497472,2529.783850520532,1458.0894437226787,982.1482623435318,659.0095941753636,3211.4352741542007,1955.905667438523,2425.319421140889,1202.219803295897,1062.1847277965635,723.4543123797404,2904.236897529897,1644.994086015484,2531.3310417348976,1331.5908956580165,993.7253799164216,637.7347692875735,2598.7658151255123,1468.0402712919804,2638.5458949938834,1177.0566564575074,878.7890747662709,549.5864393002528,2597.73898220909,1885.869475947707,2773.6612622438943,1458.6183260461278,934.4933838629253,564.2170617302501
want,27,2011.2674813877513,973.0296081374769,1969.0474196371401,894.9273066681561,666.0903252061676,401.03325005546935,2268.458087431987,1123.4947287657435,1828.0808560477017,937.6252296370351,735.0410320267101,457.0020722082144,2305.892274856723,1332.1752199902567,2080.691363366899,937.8343306045027,738.3896373404093,464.076658778153,2454.9176372229235,1332.1401557087827,2191.992402502433,968.4342362141127,793.0136533695622,520.362705516806,2358.383143273675,1345.2889836472236,2066.0640415524977,842.895049044517,762.1075421289802,497.58498676562164
want,28,2714.3020432537432,1930.180799300562,2507.674240489108,1527.9657525898199,909.8216412785409,608.8885400497898,2807.56980439454,1530.4964205943136,2535.0563981996675,1670.6160994366503,929.9641558470857,610.1283440622603,2619.839495437222,1551.220493078673,2350.242704054056,1479.8545053621585,850.3387560156491,564.6466801090108,2445.8394808194266,1481.4353627698233,2300.721206709539,1420.8846136287793,761.8950379913103,529.1088260003255,2461.603004370083,1469.2622804918742,2178.498660638992,1284.5544307634914,794.6616668329737,533.710185007098
want,29,2696.275293089549,1787.1929229590373,2452.4649576937836,2145.6009079705454,783.7580168320715,571.1678780415377,2563.2858339644526,1472.6563527847084,2592.1323599493544,2197.750181379446,775.0673674406924,543.9801631368514,2478.9810883524656,1530.5975184844726,2840.5920731635515,2155.178513228173,761.915677884814,521.6424405120688,2878.280302851397,2022.7477594148188,2853.1842190839425,1956.1852943216682,921.1625621703245,626.3572455943166,2630.1782192507626,1803.345650444997,2914.986411917019,1728.0249924665864,826.922135129058,568.0929285068943
want,30,2593.7103357902984,1762.2630887624518,2139.1568468152836,1047.3768798638303,861.177186734089,573.068780225499,2594.687360285149,1662.2817157078048,2130.645925285822,1088.5345095875107,861.927141768885,571.2751102605617,2528.138573078606,1720.7375904861465,2228.285286166171,1466.8934209598683,793.948465933094,545.7927521166143,2381.772080710094,1230.3476157370765,2182.7178714455167,1307.5910364759895,747.6184398600153,491.0593572149769,2096.9519939198217,1193.2170109396218,2244.7500807637343,1373.0115667434152,668.9013943837492,434.4961404925735
want,31,2444.6114950059155,1706.4211492140337,2259.9627881534034,1403.046699120131,824.6861269282219,541.7876018493862,2621.834208494194,1919.7047645848108,2331.9594162549884,1377.8772735406062,889.3544692540224,580.3049592122405,2742.736560798525,2262.1411666956333,2348.583610072282,1340.7750772407155,926.1087240667962,621.5920487827623,2299.0784734667022,1189.8801086000299,2522.347778243425,1382.8914786925461,790.4008829893678,489.21376645643676,2423.862716708366,1506.818346898902,2553.602702697798,1676.4872462307906,829.8730802750308,534.751546297091
want,32,2713.613186365444,1434.771227333327,2493.483090391224,1518.7527725680147,880.8521981958509,549.1408432328157,2901.9453164959427,1593.5044336515864,2360.4966891855265,1432.341168888952,896.8296615971806,590.9115095407232,2851.8867776742663,1326.7022300903427,2436.7821528408294,1275.5915743671294,873.3173263383385,563.3881357221818,2724.985389565589,1230.2752239454692,2394.030356857974,1342.228229174339,836.5142182613997,538.3149394869364,2828.843778771443,1686.7465355844374,2529.924205169409,1143.820933799488,903.3755146279993,606.5205498047922
want,33,2220.412537099809,1444.467433031977,2036.5564270978257,942.9114886862594,785.8101637111757,464.7193795770056,2241.1654076566974,1173.5082511524959,2020.2441379749514,995.6680379161747,805.1013229582784,462.4308906064286,2390.032845030739,1392.133434579557,2061.0882843880786,997.8597046720585,876.0686875053627,477.68864067636247,2340.6123246003763,1011.7163366916753,1984.8464533875579,1035.5199449913234,821.2263697537337,467.53788457897207,2018.3340869532517,1124.4620996025537,2007.322552940942,899.0661716217882,680.7535968291231,419.6393588789667
want,34,1794.4289996144594,912.8390139244983,1894.886771713881,1016.2524741095326,549.8833762996794,369.4146807965682,1819.6213746348046,943.5139389389773,1980.7252685122112,997.0743788340105,587.8170888656647,371.46033256318947,2109.1204648956964,1475.4500549182142,1966.3828130396125,1100.1353218274653,674.8499686578278,443.0337753015962,2302.917274129046,1363.1825000776842,1903.1159625874238,922.276975991997,717.1387627188956,480.09592966458496,2088.82482506805,1363.6347935497356,1879.570415663237,947.748494492883,655.2186378785085,443.48237828862585
want,35,1914.821682672628,987.3993232561818,2378.867401173772,1177.8829314209213,651.0602048353949,397.39085810934836,2248.182534548958,1256.3637177780256,2463.732949500959,1432.0807361295333,784.713156872991,476.93869246374305,2380.4745625111436,1471.717995146278,2277.499026293289,1289.27479527567,819.6831283144179,499.0534249176326,2675.51273970325,1517.0858840835638,2151.1006094720833,1218.4034555223616,920.2669812411987,568.9966894655325,2753.6984606178557,1735.76000299317,2357.0593845086596,1071.1324447283152,937.8400039247974,606.8588196494255
want,36,2508.639590494635,1808.478616130949,2459.366588627275,1226.9781661642717,879.015192542993,552.3980135741076,2670.738895383177,1968.4201159019503,2403.0586909371814,1356.3134857625205,935.4060049047565,583.1364692287001,2572.2317629536165,1641.7732053035008,2521.881900540176,1433.2731416160248,891.1272468119982,549.2354117813677,2205.3591882513933,1365.9629756311683,2492.4375205821675,1311.835422125892,776.3271012436098,479.3449178690578,2656.868655652871,1637.4762430671492,2526.2091814668365,1395.3001971700057,932.2985529522775,581.8752958319977
want,37,2391.8418716485235,1565.924953830447,2475.5625322189408,1124.9754548761252,826.3178173546764,501.47189414801477,2612.0504049279743,1554.7542191985215,2421.6253446400574,1064.8657645200753,887.7322335560934,552.8984631852896,2703.747219756993,1640.6644908866438,2349.3763908800775,1168.784402798609,901.3788190985623,574.1277756083655,2633.6266803296385,1623.8375869082129,2195.554261610157,1046.313535980242,857.9573191185759,566.746416172607,2528.1612414977035,1706.1662395525218,2355.406531689108,1395.426393786605,855.668568402227,560.1891115336558
want,38,2132.865300934619,1309.0321264465122,2158.2020175333264,1346.8529713799799,683.1036106508082,462.9599822576828,2179.449410748145,1170.0206263094524,2202.4838676962167,1379.29489460663,695.6458632718768,453.755785765795,2514.1901858001866,1242.2037713781199,2253.1362671039888,1359.4267263669285,774.6246331621355,518.5001424762413,2601.576605421542,1418.4053250475781,2051.8617015040463,1147.309050736078,801.0426949374562,571.0965818276671,2062.5607907960084,1121.449724361705,2247.93650372959,1317.6654688121669,678.701560145025,445.90904623211526
want,39,2351.112206801178,1394.2578280327107,2124.6306406938543,1183.062016284363,729.1396268741539,505.672127023911,2273.6979662824415,1266.2152495224052,2165.0615595578142,1258.3551911424238,697.7257710005393,482.2684346356807,2063.2504626488267,1214.3982165580621,2175.9323708156494,1346.5720037883555,647.2514142358737,409.2567831976096,1979.1184955854542,1097.049670904453,2152.733618092936,1338.1440975405071,615.2272905389232,398.80474895789433,2254.854201849417,1675.3101290214977,2159.7371011608157,1411.2864247272692,676.8843531692402,495.451087259805
want,40,2653.7548895687214,1321.7698309804564,2457.7217222405343,1304.9371985950218,843.0217112217413,555.6240538499104,2784.371265100497,1641.2082921075735,2599.4655169909047,1385.4857319637795,892.219017617191,587.7600862958626,2917.9184933529214,1574.652554104879,2710.3690526664086,1598.6566933986155,967.7047009187444,607.6818500683171,2688.2044870907266,1620.5477887385127,2201.9143600386096,1139.9286687357942,936.8034014417517,584.4849431902012,2549.3956881428526,1350.8236840086242,2493.930976478464,1447.235803890014,855.595877819281,531.2000790875193
