Letter,Input,S1_MeanAccelMag,S1_StdAccelMag,S1_MeanGyroMag,S1_StdGyroMag,S1_MeanVelMag,S1_StdVelMag,S2_MeanAccelMag,S2_StdAccelMag,S2_MeanGyroMag,S2_StdGyroMag,S2_MeanVelMag,S2_StdVelMag,S3_MeanAccelMag,S3_StdAccelMag,S3_MeanGyroMag,S3_StdGyroMag,S3_MeanVelMag,S3_StdVelMag,S4_MeanAccelMag,S4_StdAccelMag,S4_MeanGyroMag,S4_StdGyroMag,S4_MeanVelMag,S4_StdVelMag,S5_MeanAccelMag,S5_StdAccelMag,S5_MeanGyroMag,S5_StdGyroMag,S5_MeanVelMag,S5_StdVelMag
A,1,5135.944291518654,3550.1645362457443,6241.339822711048,4108.203735964322,1530.54967478653,1152.2411439308419,9000.701347519644,5830.288522256687,6642.229968031283,3522.860239994931,2885.3814709680764,2086.739723341863,8819.832826823662,6617.365367492091,7231.9092275394,3355.8426269910924,3132.3535960466957,2038.7113702923903,6431.548925954408,5591.314327870926,8052.254283581216,3739.1231654357075,2473.6399730449875,1446.9134126343167,1783.9256348423255,1079.9172789396446,2195.5887889586934,1182.656184632245,572.9214254774972,358.67150716899624
A,2,4871.377624976794,4026.6269426004,8034.076507719548,5688.8543700035825,1901.377538442881,1040.2843493367673,7270.471316209041,5632.060354806364,9714.284227352797,7974.728946033507,3044.3595707233217,1550.881094151318,6033.162683053772,4699.236857172387,8790.35799276092,7483.962397794648,2431.7391949824373,1313.1259746537503,4743.22113747187,3555.5258740501476,8406.542824052185,6879.515555518915,1905.7978664643242,998.4412974973447,1684.5322768911715,788.4208952785598,2375.077604630671,1341.6969304697066,535.4033157827191,310.10856752809354
A,3,4326.894108431802,2493.957873424922,4966.8997100649985,3388.8029350577817,1521.3414939985842,893.6990767235088,6808.057706513547,5355.717232759914,6328.509272079362,3932.9843018000406,2490.8471300023784,1488.8458561780353,7640.293761367872,6254.821559405445,6113.520749274725,3968.9733501797923,2933.5152745652713,1665.6516372685703,6048.420693071954,4520.693931203371,6850.283766896075,3529.220917107645,2345.071825157055,1270.7192304093155,1612.3555769955829,933.3011268241569,1745.2499057705659,800.6398715451479,638.6401105626206,303.4182663348601
A,4,3704.2633730832213,2599.104146207711,6523.069936041295,5111.640094261745,1499.4800996428712,754.0977960887818,4967.359612800176,3565.84989548378,6365.428870758135,4214.684156768904,1874.5629935268648,1117.6725703684497,7579.0554885072,6916.498818197606,5971.44856469725,5132.241774597642,3051.7241879421817,1786.9906732390546,7609.694162924554,7552.313933275813,4916.3609818215255,4247.638878267888,3195.4192825593655,1781.9107493024947,1837.944026138143,783.0697649527231,1752.8820707774203,1007.5361077634203,682.593355046971,356.94024101757236
A,5,4937.3909777966965,2890.4225179671876,6600.207866703651,4983.4198872414145,1617.0584055134636,1063.092630261557,7872.163704309634,5200.910748373791,8034.196844500441,5839.184698125172,2722.7995712010706,1767.6742989317586,7415.015785073716,6070.703164140676,7688.404912974836,6127.295145526646,2528.260003947492,1719.2774389132537,6065.257389410044,5129.714300056764,7434.771488249388,4991.370676478955,2186.2854794239497,1352.6889231683722,1645.3516021894948,751.9066465808523,2312.1008624225774,986.8662406753881,574.8440667021974,316.87990318475306
A,6,3471.2252794054903,2265.3065045631847,6119.141662547006,5804.196283826165,1385.2123208211756,674.2085139394839,5160.777690469585,4114.4036177253465,6977.194022944099,5622.502659843137,2052.142480845744,1058.5896986600371,4983.984574748263,4805.468162278404,7146.907807802442,6088.405774956404,2025.95827503296,1086.8762838856699,5030.753219673036,4707.515750663972,6516.811825749621,4819.44295954106,2025.9074230160259,1095.7161723830025,1736.9295275652157,1202.1224214996066,2310.748286890097,1705.3612094317384,691.8481844318424,330.69224488931314
A,7,3979.814310769444,3043.1776240953686,5932.245603314827,5332.649269073666,1729.3966897435903,710.913804559281,7263.1371558859255,6234.345767984746,6448.815130441068,5388.735827598562,3201.72719269782,1450.4450822955419,7537.269106393725,7253.731999309233,6506.81963384388,5230.3321449381965,3438.467446004966,1522.1587743936036,5387.119572403086,5456.101833051836,6525.596316187356,5941.275980853104,2451.5461170044236,1091.9886729316238,2100.648869016171,1277.5767409831324,1985.2743658045351,1432.3974784358563,805.1840496876293,400.68718861080447
A,8,4416.140746882612,2742.2992002557057,7129.654427189114,4782.2426027296715,1792.3915454082758,814.0467796835576,7293.884761832713,4340.32770434498,7429.048140615814,5178.67078500002,2952.735128258086,1448.372213421133,8337.079987931611,6349.830098107369,6008.318031960188,4913.8686854729895,3260.7795475593475,1849.8800858371706,6574.486179141915,5467.392338242423,5607.06555561174,3587.3564838990287,2543.8180339525147,1461.606911697845,1661.3087114142081,760.791933040344,2056.343954254823,1232.0429215533188,537.5341315428232,297.0926446366663
A,9,4545.652185226685,2783.785589973456,6750.588587300076,4889.527032343103,1751.0251916650627,869.2932286068125,4989.564919778076,4074.4055285795985,8426.723500944547,5308.18256985184,2029.4287690085334,1032.0444950041958,6297.217734744187,4637.995019534119,8860.29653874709,5916.823743717259,2479.7473970120454,1220.8516821844828,5624.2346669019325,4608.854620360519,7676.378530980666,5717.575102729224,2469.1406027356024,1098.7663655808115,1641.249425797368,824.6661884179618,2052.4282309009686,1044.5436566992892,578.6918838082294,303.3902993205551
A,10,3842.6479110741793,2186.0484970643374,5375.596796995085,2967.690781758805,1341.059683620283,780.5048035080202,5017.026718710353,4568.607983154872,6165.307927971575,3191.812812226123,2088.2721476642937,1074.3078980658559,4747.25886113353,4615.846759305292,5317.389819843365,3487.904470821434,2019.1853929553108,1016.8068391405083,3937.6801759335567,3468.4845872599562,6013.733282409146,3992.2081266881014,1608.7255769530452,861.5300373333198,1555.0258646796565,653.6115514411345,2260.4011576943535,1009.5298627549495,539.4060669067703,307.26899635830506
A,11,6169.04268028018,5565.280442967949,7700.104138535251,5667.4926008520115,2639.0857462571985,1356.418434180007,5994.966904398563,6836.836796184761,8476.683142876078,5849.483728952541,2715.9093593150424,1222.6384093518318,6774.124163607106,7917.915990242275,8643.135192845144,6102.953509424904,3062.9045881919265,1406.4148075113874,5527.040931804383,6452.634353553512,8305.878587969837,6844.420038480558,2317.183016227753,1167.2457369841507,2315.402110077063,1847.0915160464262,2239.5741624349257,1499.1928481532655,888.5277668994054,473.5715648682383
A,12,3524.9803966942454,2043.7177405212497,4289.830304982013,3287.0381260274303,1289.102146887834,726.0478234299865,5459.244758287455,3510.0206080749645,5703.5919027239,4401.916542931314,2198.4227895589665,1087.3180160249385,5030.875766968137,4133.237111191754,5750.154721411143,4667.228506280055,2173.3543854146583,917.8801319971437,4287.621484193883,3643.6310883895817,4903.365114058833,3839.419751340144,1847.006443314898,786.2328800882158,1574.8415008505012,969.4259885101804,2113.9048859547456,1461.3706992534965,551.2675838396765,282.8993156399763
A,13,4698.632959939338,2393.508994712928,6538.573311561633,4766.162533877117,1808.400700784906,935.9311343656037,6489.166083752011,5244.030895931353,7934.240676978729,6404.669781087556,2644.535341051731,1318.2813833046562,7348.039932883377,5526.279819621085,7504.063133603326,6490.074947999093,3013.831492634413,1576.4143208394864,6041.467935328948,4640.914692858744,7396.774306196174,5610.37679110736,2431.9256988886573,1313.6625435669755,1608.1852320450164,744.0730874264412,2141.199782125056,759.3810962077021,531.2406342600841,313.6996183311083
A,14,5090.830156679223,3378.488392143059,6783.207884008881,6836.454105734915,1992.753238038245,1018.6214963873053,6702.86895352897,5704.243270743057,7169.183516387704,5291.629246588884,2867.855527419855,1384.4425955894144,7159.351470706957,7533.769210620016,7309.742921534545,5017.847625832775,3185.733545123263,1517.6527959896832,6405.621710797778,6852.4984356551395,7662.6010153644565,5297.248550954128,2934.799785033517,1308.2554136262345,2130.611327895853,1749.2157869862344,2340.7194823402947,1031.6823905604779,879.4107540199641,401.78447501456776
A,15,4284.948661839318,2941.3119462922386,6016.833168353414,4653.036599141706,1631.4095993952947,881.7506495477991,6843.69639809693,6317.087930619226,6179.920007632095,4314.457060919546,2776.5528023180595,1519.9092552673021,8033.1799332880655,8570.032874611274,7108.232455609042,4850.015204308772,3371.536268522126,1827.2075046369648,5989.263118550404,6011.6105670004845,7863.946620982004,4944.58524662036,2574.6382693876244,1258.7921040251902,1976.3538571962517,1476.9072181912775,2206.137574192877,764.3944114358553,718.9163774832747,368.01222830461114
A,16,3896.6771577965865,2463.9692830687477,4028.3649902234424,2793.280543204009,1325.1822169421341,847.495383996234,5153.563692609368,3203.329637458264,4827.773455174228,3216.272497475158,1944.9023369594183,1032.2989538395436,6271.360485004907,5367.434505154117,5363.289631456344,4132.880130473527,2649.845952217216,1320.4314961633438,4667.858559904125,3396.651213287844,5650.5404600909,3522.195490227043,1929.6649537753074,938.8038590270738,1321.5656418210554,555.1011208402499,2072.599018782492,903.6678184442845,442.7193659366185,241.3083293806359
A,17,3969.5777771717794,2842.525773143307,5508.775541354542,3624.190332505175,1566.6263889109143,816.0015419436995,5616.555803151658,4777.638214649936,6450.2562204102705,3520.10148608085,2208.7172734123565,1225.186926986921,6381.4997369951,5468.560972205711,6477.986939157541,4041.0429266285105,2534.268495742971,1397.7295761807204,5424.969463692878,5010.063753885753,6158.672343418047,4093.6729608223072,2303.2446122710408,1130.7886394365835,1484.4825347729775,1027.445426265549,1801.0736405472362,1001.7557356091978,536.7855063647112,288.0003023931163
A,18,3833.7660827316904,3232.8612903890744,6997.161177775425,4493.193197324417,1457.398944244485,833.4892203244489,5573.114392136474,4940.070188991376,7005.102475047128,5640.2661341543635,2357.076550784115,1134.3577107058288,6667.950963016048,5202.062951831066,6375.117668912298,4867.118233104908,2606.9201728309936,1439.1913604262138,5701.8753666746525,4792.660566210462,5645.079813019816,4488.949511537879,2199.3610428411835,1273.0584665994816,1661.3703710714058,810.5969961244977,1584.8305424726664,1104.327706297272,618.0402365412123,291.1591220446887
A,19,4990.273992949038,3398.7649190987686,5638.337364068368,3678.8601054131655,2111.9294178385935,914.5058595395465,7694.563949422492,5109.766200937939,5998.964942124459,4560.577999076618,3258.0826786097277,1448.946994579215,7905.380020681305,6128.472177354878,7253.13481206732,5554.87580232242,3476.234528275715,1513.1075068743394,5121.920023499994,4438.99158287891,7314.431217926092,5493.651522619379,2149.5016957463267,1049.6944595161735,2206.3362397626734,993.8226185340652,1683.8745745144474,851.2236845000194,811.9333002034676,404.91400339263436
A,20,5171.380779212652,4598.556005572831,7755.473888621622,5116.794481206786,2140.9193074253,1046.0598528272897,6203.660189375417,5755.435279347563,8776.93819545484,5731.069692423564,2776.247833991436,1162.752296643629,7737.423469031495,6126.042569300397,7438.86158491605,4944.22093918347,3371.586210279684,1502.7661111080893,7090.2222946550355,4954.77035919695,6896.984148273962,5525.346290252556,3071.7414543151763,1413.819011641967,2191.772034544218,1296.7431698643713,2292.3366467655023,1111.023209881726,810.154185432871,408.08741834972494
A,21,4365.295814358469,2780.452922303205,5299.253032350692,3077.890392439602,1737.0334651167877,859.5868306759099,6476.902498458921,4906.048310550619,6453.100132569728,4300.526656443203,2668.4788939402006,1362.4679189031847,6764.951753254325,5479.543026214979,6608.865878938281,4878.757316208233,2843.80066058302,1507.2028921211354,4662.334848715711,3594.585477972536,6399.264086839046,4678.757349381566,1966.9877999400649,905.5055428006388,1845.429797495306,1035.0286771468866,2138.904766111008,1026.5180656021673,634.3811628979138,361.05015612458294
A,22,5654.371079142342,3516.0442544653324,6216.992947558969,4519.727128378665,2036.2672494869646,1218.3638171436035,9700.63653342125,7355.082348040228,8427.1291387477,5395.19716774739,3926.4778097475564,2151.5967754328494,10142.474750272117,8664.751147037783,9389.600843672768,5236.21200716698,4345.308653780843,2130.262439063667,7950.745040951489,7125.285909616912,8809.376597192637,5375.785585041008,3496.9777110674354,1637.3266346902356,2618.996956978972,1471.8617256165353,2160.869016585878,795.5714334107157,1053.6213287827375,495.20397926042847
A,23,4995.1659154004055,3843.22162743993,6240.088335312167,2532.104387658816,1918.0901435562193,1059.7717530370624,7064.309850472482,5193.152735720129,7450.832010384644,4325.322832232009,2861.659220267123,1500.053310834958,7855.959023926846,5368.281365053658,6847.238911237999,5757.629414952673,3255.7821110475197,1549.0510330006825,7113.887182666863,4797.496863186898,6023.34210407512,4981.791161673269,2935.6191128292403,1374.082445025972,2272.230511160278,1235.8533505850523,2065.4139610627135,1243.2355019051022,853.9408211826633,419.1715824489493
A,24,5625.345163752984,3673.206064004702,5517.75951997915,4863.667373205066,2022.204157811715,1223.8816473780225,6445.565214788746,5391.171770766102,6622.194189411952,5265.173916189151,2579.182196800096,1394.1541341918817,6835.347851808258,5130.172584307493,7134.469756327902,5101.065919471389,2731.1085203323446,1508.5629660846364,6458.236283108062,4903.413057406705,7521.4813738297835,5272.527048236133,2547.550671986627,1448.1264788459314,1983.5368682941116,982.7888848160561,2584.5092520399253,1374.8218706872633,714.1147162047404,398.25775868786
A,25,4546.064428418852,2867.9320446385714,6005.876594854924,4616.431605133323,1599.1697026498562,986.2524571650663,6602.162235864033,6100.5625405638475,6788.613553397299,5107.50412911047,2655.2903938626155,1341.957345328296,7894.696923453181,7517.898408918471,7723.554884971119,5402.25933071884,3370.2595524651924,1548.3783339968493,7052.691970266215,6859.563067174356,8858.548516598788,5833.50731156355,2993.9830928980928,1453.9562514816992,2066.1155873648404,1098.130857251558,2771.162698501987,1415.7182425119718,749.8441289103849,394.32860068403124
A,26,6510.831743446092,5799.255168427643,7710.0712593497365,4846.209761323704,2873.567975284608,1211.7090289585253,9136.727815254824,9602.01991210437,8191.707337408976,6596.643376425614,4394.164671103205,1501.5339990741068,10496.647761329694,11988.640259619619,8140.894756120692,6463.007161512868,5100.581940362501,1629.9820846874763,9991.83633753102,10393.655786295536,7683.271866983867,6507.43084235355,4652.198311863288,1582.7765262470741,2646.900406175787,939.3711938240679,3531.660801842667,1798.3908465564464,877.4301585214779,489.0878848944781
A,27,3857.094431115358,2245.0032404116682,5315.105078893877,4448.399529641701,1277.8336158487568,787.9289092669305,6385.92644104246,5349.190264852689,5645.776057147543,3723.5739250133793,2380.699085374399,1481.4063959653354,7301.6815198206905,6654.063343785436,5573.819709060884,3621.049714983825,2921.193047017434,1731.8483258726014,5408.524128972419,4938.9235412509815,5717.152225949223,2856.6560959142134,2247.808277406175,1226.9779300932028,1310.8244464848951,797.666766574594,2055.695204182628,938.2629941815593,474.1582595447885,258.5101310106156
A,28,4764.331213750638,3057.1588257206035,5370.627000720124,3011.2542539008505,1678.2137592594925,934.7647538002706,6007.105859999127,4782.155809544913,6881.235889626997,3711.079973378281,2330.8885418737227,1239.3337655956034,7597.278520794103,6219.299363873761,6942.941801106106,3493.716013638414,3151.9315844625653,1619.423742236012,7231.821992990971,7671.869372043042,7309.87544940587,3532.955991683639,3023.188348869844,1537.4507226100677,1959.2582662250702,1296.3410223504973,3006.6579375735637,1195.6982202570532,770.0047719620266,364.677029131459
A,29,3688.8022607766925,2266.1185716746522,4951.254959302907,3178.8385137858722,1425.8249947416189,731.9679089261359,4974.1412869547585,4693.224792976792,5665.919188208432,3853.7376827816784,2080.1239579879084,1051.5526762435277,5566.999169618049,6032.686155061604,5858.51029715313,3883.7286656190017,2486.2159182641053,1197.9194509769532,4103.292713236423,3980.0075263120884,5716.862710160522,4292.3055980354075,1812.4080140048172,837.9968874598873,1677.4045737472777,1004.9385035770664,1901.9366131509566,1083.2816581138386,672.2983033570924,293.7178479879675
A,30,2873.995131525581,1901.7628621800502,5225.262695522159,2509.2864673616864,1080.4396009133998,551.9155810068553,3873.818041039261,3211.24785479395,6541.427130197788,4022.4399397706784,1633.0478151799634,734.272709138353,4485.555195479068,4021.4469520697075,6110.218605510277,4499.738245762308,2006.8487420408105,826.3327654310981,5156.942876158448,3570.834800440736,6554.4283958241485,5591.842316961744,2234.767465458711,875.4849469253036,1822.7439743350392,691.5680762045822,1826.8094732510954,1035.8478675413949,637.8638691914289,320.46511443851483
A,31,4863.596169980752,3136.657503673068,5214.063168252403,3858.911350202764,1890.0616754236185,952.1110666639221,6025.740791780405,4898.574528398404,6829.16442242981,5005.729636892999,2448.3389538650067,1210.79375997687,6113.799777919925,5286.88015520555,6572.183768816669,5473.721118572149,2656.801768718767,1243.5443945394766,6338.169079855921,5636.7007828301785,5702.350638260466,4361.529821728891,2608.1549202855294,1310.1017669333348,1755.726952144125,1145.185954120422,1936.5684614869683,1210.2778349304747,689.0379431709923,305.40362600752104
A,32,5480.741724868768,3234.6320726293616,11763.27907964681,7367.399749952058,1739.2971203399352,956.981828336983,8228.76490520254,4968.749655084972,12339.611240016118,7858.980629764768,2553.0752448267554,1475.3340836755497,10467.811871964183,8947.36447861412,11403.996799386234,7746.234486402959,3010.5929781084187,1877.5399065692684,9050.881471568158,7827.3470018662265,9386.171568709155,7108.328693441654,2562.103964109698,1628.084773647079,2249.371775160107,1051.0930582555804,2566.6143908675112,1370.3033217473405,752.2595735504405,365.3116954883674
A,33,3651.5041808646147,2144.5213258739677,5589.697199536389,2838.7421563070943,1292.1505938284783,736.0728321438917,4240.143216763992,2646.009259494439,6903.007469802438,3401.990607071358,1633.5053252251214,886.7361932333755,5657.875035541185,3196.141436513696,6930.566953036354,3732.6994575950516,2013.8017554810076,1215.856730938912,4841.019765146799,2621.9530189265474,6057.55378520463,4093.104408862918,1723.917589284531,1007.6836316916604,1237.5229044988087,562.8992457277164,1717.2329478844904,689.0734967693531,400.1773076219728,225.03904834413942
A,34,4403.432112088822,2421.726271531318,4183.362732252239,2942.662654876206,1513.8397183017087,886.7735562095062,7065.423867877076,4818.23775536585,5238.481278839847,3144.376615085165,2858.5127482176104,1371.774010579923,9116.01670356189,6231.087101010591,6457.056340808969,3787.3734804437604,3864.826518878467,1847.7499345266679,6441.291050227876,4565.166821295171,7068.700456726537,3677.0963336339246,2714.938922067278,1320.2671304414623,1489.8035906645173,905.4163469051748,2406.354116619873,1613.647650643285,555.7349701147193,295.905059134382
A,35,4252.658325446309,2564.5476534882696,3963.8700779150504,2046.5318160633938,1527.3758726631663,917.0024645349853,7833.798636729172,4394.198438757647,5677.864562968455,2725.887975428746,3097.8158913249217,1577.9545394378883,8440.20303871671,5649.3931236228555,7247.979326338509,3927.1429696052023,3438.1179051159356,1574.2072040264713,7579.947709851107,3484.1714532902893,8396.283516231788,4734.705454413648,2923.110353124417,1407.1825068459323,1736.897427798563,1222.3067639945114,2035.6219546976363,919.4720333174769,606.4100703550894,302.98453588820996
A,36,4722.672965931175,2877.8267072328795,6159.974168191197,4737.453647236789,1698.0478937429311,973.6557806268464,6278.038026059153,4570.655045325046,7340.405687194605,4569.938488087242,2566.307883382762,1292.7177159860403,7808.536678999979,6003.213550483772,6679.95616709621,4740.876865034919,3244.491342575352,1588.5548307621646,6662.503155666477,4291.652618832777,7650.3566179078625,5296.661350566352,2809.1337531355193,1244.6117060593658,2151.3108206733846,1392.7240404522383,2233.871033715454,903.953444446698,804.3821404145706,422.6583459046472
A,37,4097.45754246013,2467.0452342299263,4410.912881903519,3468.081848011606,1531.3317809007717,779.7270973025497,6271.629639826655,3995.4145167739193,5356.982513643561,4107.667541289961,2495.298504314128,1280.550780243504,6841.288196784762,5374.840212372225,6434.233768979764,4005.271650415294,2675.402922080193,1503.833231477527,6541.380073948454,4219.88930283131,6370.32286439514,2953.5785038431773,2543.3620578548416,1378.5829905976095,1715.4962726572094,1008.807979002556,2493.6812575204203,1239.3058433620715,654.8750673171178,319.16057965625276
A,38,5093.985967341538,3254.7168025079395,6658.679328538056,5612.23958246171,2037.7456043700054,978.022797823164,7409.33037634412,6257.655501398611,7948.521851670559,4521.443318898913,3281.2588162987486,1424.2617359737003,7531.796582673908,8158.232880791134,8410.928169316283,5227.491208084606,3547.4618092915152,1386.2643271814986,5628.1707376231425,6234.901655051391,9182.760498021653,5686.014598202605,2622.005439344846,1080.5834306481463,1940.638597540885,1288.0453539121,2267.912138427425,1087.1231679867487,767.2898208803838,359.62542641902263
A,39,3225.2823360752263,2239.8759681288457,5718.477825892435,3928.5266813433404,1277.0644613635554,629.16470388983,5865.34536070259,5085.581903743622,7793.490444029158,5692.854730280424,2439.9362819480416,1219.7385451952825,8888.960596217325,9599.139080219422,7883.249740832017,5770.5233291636505,3934.3933651617444,1907.0975237509376,7969.483367117822,8819.916119852409,7469.681966113763,5815.242496565798,3540.6283405545755,1715.1134877858854,2104.3814529844167,1117.7936752080843,2300.5276778803077,1219.605813698278,770.8900011434575,386.1961737893697
A,40,4674.858511451288,2556.577184031698,8989.81761823145,7132.630732043083,1693.1085191203335,892.3830231498304,8431.597043115698,7385.182165324199,8410.34048230389,5700.577331220087,3650.421844531203,1714.5286413219776,10848.600662820161,9295.183653842349,6891.0574444361055,4268.3657862209675,4889.893848801068,2237.216483656865,9814.26269413286,8773.664187245373,5865.118382792011,3218.767429014595,4485.2459102973835,1917.8963599956905,2013.201662337597,1752.286525303763,2352.4504070485737,815.9378544821908,794.0989482414334,353.16201787560925
B,1,2046.9060075000048,1209.4179577219738,1716.1561853320004,758.3697218683756,714.1410174770679,434.7028943298539,1848.446786746768,1338.6270864454923,1749.0358166718174,978.9176067213979,600.9310051437571,405.8359092636876,1579.548824978157,1007.1938788089033,1575.8718813493633,819.9618709564601,513.5032549262629,328.3258473480121,1926.4737723942117,1591.2926519899522,1779.6291958699062,1034.4928800902553,610.353596731949,429.63686040503126,2726.9418410998233,3037.768045005923,6001.213251855368,5524.385042654568,1020.4015233435487,609.492269278948
B,2,1630.6355973867044,656.7800610061985,1415.024253727862,850.095868924151,511.70490320941786,318.7296978832637,1800.7756874083461,911.0973733026557,1238.7390666585845,703.3239783228059,605.0205935739084,359.19453345844556,1666.4734380779873,874.5025901508424,1125.1206534769594,488.32006293985097,595.7170872537179,317.01904006379874,1416.9888494980896,604.1643819343215,1515.3269881095696,837.931545746298,467.07852062830244,258.0494060264826,2463.357798573754,2213.09474632377,3794.531204249887,2833.0978962919557,1030.3195435337389,499.56874720711284
B,3,1640.2459411128793,1135.4916347832445,1806.1426971505416,1527.2160624089067,502.6965291021104,338.4108695046579,1805.6794467461323,838.1922426261067,1225.8502555976083,652.7792703902892,578.6654418321126,366.31879040030464,2276.6123532297947,1340.0321612265489,1378.3208223790698,601.8918543611343,741.1072772282484,483.7005951509966,2079.96163192989,1171.5473143239026,1360.131449149119,592.7496075793875,729.221804718588,425.96903862442366,2682.5962229320676,2219.780170357102,3946.6283015569375,3227.428240774658,1116.2346018890162,500.58988894780896
B,4,1457.488321655192,621.8145159440481,1562.3577323443171,911.343035680815,437.8030755670348,273.3097983764519,2367.328241145042,1336.299741329438,1545.067817923658,761.219273118217,642.7480821815543,423.85143060101854,3052.692606865946,1855.609966557087,1400.0183491179714,629.866203755202,933.5766674895511,523.7582427083044,2699.8676582412427,1724.3026497639412,1450.0244650375782,746.5773700980263,879.7168902580089,451.7109234066236,3440.0835494472003,2306.2414602167632,4495.107024105139,3764.981984265083,1336.7433777046406,661.976579045152
B,5,1838.2497661131263,782.2568615135547,1384.5984342848528,764.6064883493559,622.9197813623542,327.1552028832392,1776.473555588579,900.8633116596943,1640.959195228608,972.5903143640078,526.8535193553513,317.21053946266886,2310.403222333528,907.9594981224939,1797.7965356104073,737.7441064130693,726.6711779935496,420.88119580693996,2027.8641360101421,878.6003334189214,2052.8689512429637,783.8936712160737,637.6474786856891,371.2368228669547,3743.566505073187,3356.6986492823758,3921.3653211580317,2373.4602020086977,1653.680302807458,623.3154292871541
B,6,1877.9839432336958,1013.3438749784887,1922.9307084943935,1201.3686035431635,666.0419216663944,351.38104935547216,2372.2737002794292,1485.2040233457974,1759.9170139906596,1012.6021603355389,929.1963239068236,459.7199451191621,2683.3123851228734,1570.236492967284,1675.716310195292,907.7702787575041,1016.8924988203938,546.08041895077,2115.1568586831677,1219.6870349255805,1799.382301210916,865.3819007171974,761.2944408225019,430.84496276251855,4866.1363652108475,4344.124811187239,5991.35357485635,6053.905405071674,2299.0570845610105,850.1019844809236
B,7,1872.1698169696417,948.0786762858125,1377.338983416847,757.066179247394,647.1725062097389,353.52664951846765,2068.6179840870273,805.9330840161132,1357.7975776111555,975.4714504962606,751.3590737467255,373.3214310985811,2373.464151046397,1171.8679207562618,1583.1111055305255,681.6950445733906,887.00482537475,416.15298833901113,1873.5138077854879,1381.4883322117207,1812.7407343847262,821.5321234755968,777.9508414669472,320.0150410901231,3762.3612414352388,3320.0441094879884,4593.591432466843,3962.8892752406314,1660.8033436572866,691.418840854434
B,8,1130.5594436958982,671.9012905702901,1931.077748638997,1617.878262559128,406.245665280495,215.43776842850727,1354.1909003255532,657.7461558044013,1458.8595530023986,1084.3715309402223,486.440292314267,232.04173619465914,2236.095019939761,865.9821371140384,1264.9252739308288,701.7918281948129,713.3169579313522,391.4257660805694,2204.2658366576143,915.8938919679006,1453.6570213187479,678.9900694198009,719.3497837699597,396.23010580091164,4060.7491483397644,3543.529787409424,3899.4656761761717,3814.420107018092,1803.9261404065328,723.7215173320101
B,9,1433.523142243147,679.2311098980479,1679.9177288237734,1019.5000395456469,485.49637606033536,279.0755919357535,1983.7566592460812,880.5770931024875,1692.4836276453768,1016.4610089188593,662.4943264075566,355.57561955040137,2393.987691320106,1225.9677539836957,1604.0895427865262,959.9856222740593,829.4489725415697,441.8020414354389,2274.2410339270373,779.9299453171941,1596.749453569885,929.8406086659551,839.4291891443504,396.2994652205011,3721.434131377584,3029.2759870665413,3442.8726686984573,2405.6972689075324,1639.1634543703442,652.2736441852495
B,10,2062.4877045339394,1508.2498031315372,1684.0255914523582,1208.2369365457819,857.3953308161578,359.02986591668434,2530.356542127389,2127.8803466626414,1253.1292031786252,605.7585483432355,1115.7198653641312,408.15979105131356,2576.767555182887,1395.5376980063309,1434.154749887724,622.0825133167464,1055.1053766393654,437.42719569754354,1999.4910684084934,988.7388266648888,1845.5133801871252,1281.2655076330946,744.4823964375188,383.1944293379293,2730.331940938978,2175.134591764012,7082.285131466672,6911.39202045117,1233.8806547723102,466.51565011562053
B,11,1492.4553925348118,640.4208782462987,2433.26807880452,1416.1862365772945,541.3900256787368,283.94519160242936,1582.527242516558,843.1156662599377,1722.6426220915046,1105.7082527971409,564.3620842425814,318.3741473522134,1672.1586226302024,778.5297301731414,1730.7951370917344,857.0148990359527,518.2352838826497,333.21341810477156,2271.8826387805248,990.4442314475056,1931.495150213875,685.6738134494271,840.1870428805703,439.04065149086006,4666.486873209858,4743.404343102124,3525.1404507394636,2710.4583081206715,2231.05863910894,872.4495538927536
B,12,1719.9012978876092,971.6761423048922,1924.8961285199437,1938.5461419344479,678.4585780226452,312.1017348307901,1716.413027495476,721.2508710870401,1780.8838314900254,1805.1843389214873,603.1686350894556,340.9734569803405,1473.3889173542711,754.0889193043539,2023.1096264138882,1597.2096866915936,487.09982780516646,290.60043795463724,1598.3061267053295,1031.4909235355428,2476.878411038026,1664.2705870542034,589.6717627306994,296.695038472567,6015.0697670223835,6996.6769396516565,4041.9994509541257,3335.8249964943525,3032.201849912314,894.3534934025064
B,13,1344.04245678287,815.9037163569405,1119.8628627723347,906.1190490676992,409.11210787219414,261.24470879905294,1541.0835631409795,769.0747372113473,1210.659535504345,964.8655937965677,506.64845892196445,285.69653582104627,1570.539194943597,849.6285289147945,1725.2319712369913,867.1185698459731,511.34177678129373,312.09672049574556,1372.2346585952728,637.051443566307,1819.96752950245,1006.365973593478,508.0775130346448,235.7721278316179,2637.2243477166176,2797.1751357057824,3454.1102691105953,3404.0034103353555,1142.7849364508857,443.33298908352003
B,14,1479.5192665428385,741.982641258231,1916.361404149398,1274.8144472575402,550.0821976598181,290.18635869417466,1815.467088031935,1352.594082595679,1325.3047681105118,773.8342985572189,694.7896181117314,356.73030238031396,1900.8494213856957,1231.4605057482217,1236.5479892790067,637.4608872001837,749.927190727057,362.30835228714216,1871.5572709732444,1063.485017039348,1378.207645543127,746.9326012207999,731.7323749036976,362.64114206646894,4357.778356144765,3764.325610081602,5999.073915781804,5102.424646967985,1936.3453277686972,875.0199033886839
B,15,1771.8802244455264,897.8666216197543,1076.9868793964538,644.4844686708038,571.0841198357491,330.96461349807703,1900.3654344740953,893.6116133175992,1358.6370936025419,617.631740309092,619.4918406599807,365.5176462960359,1858.0018410647895,919.466779497689,1443.5587794888058,630.622599230942,580.0684795450557,358.54633155361114,2019.346754930329,1310.2952657139344,1572.680744980324,699.5960169041363,673.7371335823989,410.98958656633135,4544.971681344219,3950.7151144797945,4196.285365184033,4048.1708341783583,1958.989765896235,937.4052837202092
B,16,1517.6472088478395,952.5649318951241,1756.165490972436,914.3842461282583,485.3450664534221,297.6065057516514,1603.4893965925057,1081.1215264785926,1312.9801279354945,586.1849611227611,499.86158410837777,343.68363536766793,2055.225652560378,921.8036759840832,1083.5933970520468,552.4847903926451,684.5883116593637,426.8958734547508,2207.7906457219533,1077.8520142684902,1323.7731113607997,1160.9287901883333,694.9280272511401,426.581157465215,3494.4715460777793,2390.766114376891,3561.7214409330672,2177.64350897884,1437.8103125863013,677.803404978063
B,17,1827.9040123819036,1229.9883826760874,1731.2534884263086,853.7839027305075,699.403383814278,363.3544269675084,1588.569259170201,923.2102733502478,1674.0699668552106,858.4495630631972,595.7545635466538,303.21299444583065,1920.1327447579413,1121.339262894301,1822.9149672205745,980.4713584716345,635.632597810353,382.8124430155954,1972.566305187181,1054.8270813930565,1937.5539637263328,977.8066239795971,626.0536468642033,384.7009520191052,5716.237609513629,4291.015158628775,3855.2869596204428,2652.926978401509,2520.8528202354864,1043.9587622651907
B,18,3152.77466628834,2593.1320644368357,1644.542483542621,665.9988887554306,1323.0582353037626,509.9794864026236,2777.342878610587,1929.3809977894616,1619.750156974889,943.1653773224622,1107.088040390272,479.16538140229557,2831.174466274544,1339.6748267826224,2371.8572879707112,1363.9349917610518,936.6161539900797,535.5488848229535,2057.537364235921,1191.1744182835273,2569.877937402897,1843.4523096895762,722.4210873345357,379.0636725786625,3224.8524640421765,2884.1043818074795,6649.373412658529,6183.17133943253,1283.2933133381623,585.2799369588358
B,19,1702.6041567728703,993.1128260876224,1732.2844336562216,1117.5679161296387,659.017263723413,303.93759343916327,1693.0068834267622,696.688375580935,1659.136312759585,1075.666221781891,605.5022295497156,328.66903542752004,2283.7671290179073,825.9114361826609,1406.3853897703918,744.683287002188,770.2023921507225,465.40893139947406,1955.9046491290196,948.0181978820272,1409.7649767573537,719.6088722760013,613.7419822025879,410.4681674249824,5030.770331031908,4024.023655050888,3905.529107770816,2765.097915464278,2296.273502052222,903.9968990311963
B,20,1943.7044616612318,1376.8313134579053,1167.7243213844217,841.4318914786221,783.7445729891465,326.13917077937026,2677.4241846741334,1642.9031424043383,1114.4218546363247,716.0190455979046,1082.5370861550873,450.3018725679459,1825.4221732308513,973.3046231664351,1382.3755007073732,656.9510589032026,674.005632288834,357.3043836709156,2106.255039080367,1082.3907382958157,1715.0540267646866,812.569668722771,753.7414477149952,385.8035038157741,2583.997895489988,1479.630993222064,6257.845222811451,4374.051555604472,1008.1109928766499,469.7026786968378
B,21,2435.158784824646,1291.1768634433292,1635.8996982834435,926.0921030902585,965.8414343783709,425.8611686283825,2455.856581075687,1539.1218123291078,1657.7061059911234,873.7919324185513,934.8425771427067,446.6434946464404,2256.822266963666,1185.1252066077152,1801.3094593756935,895.0044065889548,788.9060256006071,432.1503973341641,2018.2985069911686,1084.1490380373082,2088.31962031775,1427.2268918766658,740.3553969391747,365.6978865882065,3340.1569266495153,2719.100808237029,5187.220185202429,4054.6810563814365,1444.479958362149,629.6292792171579
B,22,1569.6828674930432,895.3804752722818,1544.753106130523,1191.525701506309,472.8857890931846,323.52390647985686,1733.46606250969,912.6441859383929,1430.1524259226762,816.8449255381859,566.8823066336449,351.2640197183076,1979.6642726050602,978.6906394622755,1678.0317392336922,780.6833230410075,715.5209135001755,356.16747802666555,1881.2906581695233,861.3225060824093,1575.7485741422695,796.0843193962587,620.1718979718943,364.5684244011054,4152.80113059655,3230.2405900669396,3385.064381127054,2531.699665861833,1795.049780004802,801.9768421159829
B,23,1919.191422630704,823.9173400898505,1616.4344252490291,822.839651827646,696.4761046730274,358.6289271874797,1986.7612187871339,994.6767613267447,1582.0558545854121,805.7027936665116,716.0038777308343,394.584244352096,1577.493568050279,613.8347031245461,1411.2691914627862,857.1744392059142,485.34238629719425,304.5357819436511,1521.708321205258,835.8703758207222,1513.6595853602917,1000.1687218399251,490.487432847458,305.1798935330819,3576.1524716998124,2838.6529374256593,3861.08285324118,3024.7607364727123,1571.4201303599057,651.8442145750204
B,24,1487.9306113754292,950.9955287654835,1559.3916721948654,1234.7259641067335,574.9821098047548,277.3095607724552,1949.1165234901578,1266.1647909563908,1234.978352966655,784.5711799790818,712.4450920777524,360.5469646353647,1952.999537482844,1007.0033796327585,1177.4839176518396,608.0159577850533,723.8201752371069,359.81192456724875,1766.2902095589511,1062.5595962656382,1212.1737504049004,731.0442352069524,648.5575259659532,283.27434048414915,3234.4082482408257,2944.709116994701,4963.642027174163,5237.085638245795,1457.6744875610643,568.7735923683941
B,25,1761.712752887476,927.4670755954794,1376.671685954309,755.4681952880084,671.5996176843482,304.7489641762697,1649.3747766486372,754.7667495029558,1222.7020631674582,664.5276581723599,516.2218179444192,317.50544985335176,1961.805703934943,894.2166292394269,1353.2719514338353,703.4475996564773,649.2889733666984,399.80141098670407,2273.098327360979,1723.738667591094,2019.4104963366267,1248.0278681926372,822.8362329355662,474.25324222376224,4900.622438294449,4646.944395759967,4452.916391596589,3306.86315440334,2341.554155041199,836.4678947847093
B,26,2416.952420130639,1501.1134197070671,1116.4555964556125,666.7340604715966,952.254692113026,418.25495077098725,2289.36588413154,1541.7006351995233,1276.424417485691,693.0022232621728,843.232514975206,417.000804108057,2121.9739072894054,879.0772075210087,1492.335148865189,869.361829712758,693.228627859867,398.7175926839578,1773.9757522235375,947.6465746906568,1872.3798554018147,902.2183193858788,534.3142495179486,318.6457804181939,3333.3958448027533,3331.427418067477,4316.480591087182,3889.2800860850384,1470.260667743286,576.290456177576
B,27,2039.5418807416245,1609.881491508278,1374.344175148003,1101.4370985157325,825.665670720583,353.6980077365291,1932.9587220637718,1314.9983189333705,1573.356719956716,1324.8181858342086,777.1350386944836,352.40880193811296,1367.2130700085531,988.8313411283987,1409.543062770229,1180.8316763816604,536.3596619307543,250.77836166423467,1838.7206073559423,1145.182093854333,1720.2651004532513,1432.6209535891078,669.4097543420562,369.1301368830662,2541.8735555247586,2073.1303209696985,5276.956689300789,6021.062546842846,1120.5773927201908,429.002721232727
B,28,1659.2979852964431,1235.7702844748953,1522.3646625688878,1208.9910655838266,628.4277876008421,308.762843992635,1569.7059766338461,789.4362842687071,1381.6669628219065,1004.5980994141329,554.7989998700207,265.5086332169115,1903.412786339591,1452.4289190177105,1187.949049221304,678.3933180347517,739.3703613245425,297.6967512712573,1480.475051332826,1004.5377655325191,1241.509571757034,688.8957301258775,565.5065576773434,238.0916013065931,4096.275182135404,4070.239812618117,2603.2853988583115,2553.412827881759,1991.3820146965081,656.1959572714279
B,29,1793.6352748877607,995.9992473281831,1028.6601640627582,599.4718910177353,639.3088336600954,315.67003684710687,1807.7425777810508,807.7758182054729,1125.2804332634264,594.8110332403688,568.0640493430355,341.04926393035225,1521.6089079227381,1804.030025063378,1486.2510492024962,1264.7274311069873,380.7822657238853,256.82748758722647,1629.7344072232866,907.3063219842364,2036.2134205486395,1219.2390427957962,502.8246250016443,325.28495425470277,2835.8664766152315,1925.2118914057,4218.293513851349,3518.184584199589,1164.5175625314728,507.85083607101296
B,30,2572.468320046577,2138.2963410988523,1670.1018036666228,1993.4611772967871,1117.0124372261848,431.8731603793492,2677.5783812413383,2134.9777545232214,1379.5795674025737,1160.6169015680098,1065.7397927449015,440.8989694386075,2346.872330088692,1666.0122347282067,1440.907392879673,815.6857031937634,851.6472136932643,353.78439231654716,2082.8371420381236,854.0667068481603,1924.985813816019,976.5903333061815,660.3770733141334,341.6547966091467,4590.013223935955,4539.899845161021,6371.303584732296,7801.165426151235,2074.892657735134,819.3053083873027
B,31,1983.8043208962317,1233.8026245690357,1094.2912415976284,579.9626796723394,747.7715970973844,347.306393744998,1932.5810475109085,1111.534072712861,851.6836085010618,360.3802675794139,689.9121214464617,319.69783892085417,1810.4709556434386,915.772853261951,1122.314091725301,530.0761603437871,640.0261134340593,310.6373840306194,1464.9332311828005,654.6530593958296,1496.8974802398495,832.4853579202395,441.38067934694635,286.08251193555316,2175.813646638826,1601.1825239804025,5865.435891972293,6659.59982494543,804.4563407975897,411.7355913490178
B,32,2098.838424561346,1397.1611458900677,1110.5096040755598,697.7627734452043,813.5423812104872,397.0065138670595,2732.633778255498,1833.9819066547748,1204.4341007237936,826.8137052950121,1034.2169396525157,551.0749167781959,2313.615420500774,1046.7935259739754,1183.8758750734414,572.9285022313808,803.6428656129391,448.59383489056603,1551.179267614295,958.0213357350553,1427.0783278494293,970.7211603660844,528.5042852864899,291.9586811708215,2462.7402047165087,1789.25757901787,5779.544018480201,5416.536240504602,1019.6952148911138,456.5473909419189
B,33,2210.6705793923265,1463.8647783894507,1506.9598725853434,879.0047311690455,740.8173505499487,426.23304443281995,2068.488370986948,1306.052395232198,1277.5917192524166,746.874252399729,660.1266091336478,411.46318414106565,1891.8113613697828,966.8033786619745,1353.0483162458963,649.3279729105662,621.0501479267291,357.96915572267517,2381.90798503908,1163.1274009355436,1647.284660810527,782.3211233300215,801.6446163099326,471.3748328137898,4067.9380086507017,4032.647995768409,4734.903120199543,4023.720740629825,1846.7505673861492,596.7053161045845
B,34,1959.6189501239933,1269.8380094779561,1119.9367749162989,536.851872205061,731.2459883836203,375.18576989643896,2172.006260153964,1291.9544519262245,1309.4127244985837,845.1809373863068,720.6205263368724,377.6014460824504,1985.562996004734,869.8853883683208,1513.0024717778706,821.164791101064,614.0983233173481,342.8117670528075,2239.98990346848,1134.2042286816209,1984.8680126260128,1059.2955666168261,775.5418091180823,370.0374230621641,2306.214998939862,1400.213690357587,4080.259346458267,2723.532186681471,857.150176872293,433.00124975845154
B,35,2145.8242644744987,1568.8800865561648,1408.558533873588,953.737146257756,823.5019614597104,408.610244547507,2787.772745177827,1694.1470187807442,1201.7109893878792,771.2994582095886,1056.0442711999444,554.8056581897497,2025.0241782422133,1273.654025838433,1182.280402071303,593.3013470219989,763.5918511568547,395.86493012834313,2241.7562215198923,1293.90186771519,1371.4037431155432,598.1495879950745,808.7621606755214,399.54349420298695,2719.8599345404537,1789.0866207318188,5187.373559125636,3571.3235329264458,1114.4163993331133,494.6150559070121
B,36,1691.7976323191867,997.4611627924137,1488.4112853915572,1030.282835205485,593.9743921194262,356.8441935732165,1580.3427139196256,862.179741446731,1474.5126456469852,1141.9548980047891,524.3185744247706,296.7260264119173,1538.1596601366305,717.3209601903219,1545.8235942526744,1032.2315222137634,505.9375308494886,276.7834246581731,1825.699741066218,774.6121322770163,1649.6727040183384,966.8142276915578,589.4282731867986,349.8614293671472,3848.614616666846,4019.218833601663,3831.3418441359545,2771.1441711182956,1777.4076363753943,646.980168444366
B,37,2702.5641850569564,1692.0967246725083,1803.569289642027,986.3473361144925,1027.0542289665095,544.8475578920769,2027.740530163399,1434.4721476322422,1744.0168671719416,1028.930168679958,760.2856245985736,401.6137448024073,1753.543124397885,1440.2827885095703,1767.921280521943,966.9932146233778,639.3011821464652,328.74732220030137,2352.654057202054,1376.6998173642344,1556.883546821827,935.0029226614686,868.8145727149838,409.5800842807568,4088.432442007558,3795.264637300029,3322.837067463892,2008.8237256135644,1832.5497276728645,684.6210830426265
B,38,1932.959148550302,1197.5858758501174,2028.5984021635454,1857.810579079447,652.8573142565328,334.4038401007966,2104.7157391719534,1234.2625965660052,1759.8286244959738,1711.7620654327543,764.4086316881422,356.69953110164073,1957.5730334691386,978.5214962556698,1457.3599395446558,1086.795133804158,687.1388645458759,334.07232780358953,1968.5651956349693,1108.8399661514077,1463.8615880585512,914.6699205214393,729.0761487500682,339.58786733708547,5529.6420371049535,4353.322862076943,4632.052313080048,3714.748009642078,2485.2480066533117,1041.8419635493333
B,39,2447.598411907846,1672.4815437027066,1486.1382954134624,860.0683828368349,802.9175107857848,400.68500520453375,2092.580770482912,1084.1838953817482,1435.1120462646245,838.1274192604382,736.9657884182348,360.3038860966592,2323.5246701954034,1315.3085596138048,1533.816333928292,627.0370184644402,815.5681487094104,423.076236656019,2258.5802210999946,1205.3200342049822,1810.0200313470461,1034.80192180554,799.5025320541838,410.73703251422825,3555.327163434157,2504.3211177776766,6437.686610868493,5684.353162981214,1454.0431877053093,659.0790730368998
B,40,1994.8538277226503,1397.1081583114064,1214.9045315759709,694.4629519680445,685.185163192666,390.9188565271346,1952.874066095165,1079.27701818066,1034.0600497553742,393.933410933768,670.3585631446441,323.8811936237617,2022.4272334830266,934.6531898336361,1300.3894292881455,591.111972003318,683.3135322110539,332.3556195192049,1816.4989146668615,685.640352527558,1494.305570420067,864.6615412758678,601.3416923138877,330.00320002003514,2684.7992647114856,1618.8514163457583,5039.987498074111,3969.61561668843,1066.552863827017,493.5195121381555
C,1,8383.0113642724,4309.244013336885,7625.371599588602,4083.2540102150847,3123.2358028106805,1578.31772522965,10417.105244066988,5354.740734529735,8107.7090097696855,4846.872759873055,3985.3733016890624,1892.9128981454621,9993.854825583046,4781.693186013763,8716.029594276046,4871.248869561495,3865.861549728823,1849.7223033117866,8147.973157387367,3785.842630973312,8287.883044352027,4677.724168133704,3169.8886712807807,1562.574607678926,4946.977390928903,2510.509249861123,7404.330072110306,4002.3888915862462,1682.6672660378322,1058.0511422697703
C,2,8395.01436751903,3917.906362988921,8192.269733351148,6016.346970215289,2732.070717374871,1724.1275920457686,8573.722456127685,4875.002025157718,9967.273860777821,6110.777055477904,2925.004336043033,1741.1332074660872,8116.290080799404,6016.395085457505,9908.99282023092,5353.629196149286,2950.2009922208645,1613.1600452202342,6496.810166773607,3692.383871824149,9336.070505882719,5645.758284140121,2428.745067109706,1314.906735915133,5115.807659323521,3601.7802532645997,7292.467779117341,4643.317490279488,1674.7476426298063,1028.2365287632565
C,3,7215.287352742926,4859.035543947789,9100.431331876858,5954.197401732159,2798.85164738298,1598.4080350768522,7489.57722906295,4647.6286889016565,9673.572517890312,7146.257538293543,2847.5036907533704,1615.9291831811709,8057.016861035254,3950.277180274016,9010.392624371698,6457.439760049498,3009.7854417158273,1657.70874928373,6517.313381627855,3041.8720034962835,7653.08661352544,5969.263467830659,2270.277077894658,1320.8957342704907,5804.887396042133,3882.1350207419605,8043.596483594476,5567.345267527116,1995.5314791320784,1101.1297295788952
C,4,8129.192772842377,4574.9788373245265,10036.740459257455,7753.48025589183,3184.8911980523417,1712.804580400306,9246.410211100885,5264.208697235444,10603.551851374294,7337.685828837099,3682.0342176854388,1876.778651860395,11189.746810868706,8005.6122382147405,10086.494937537973,6584.283761827921,4743.592180480647,2215.15514468337,7072.135520749842,4335.998232950328,9390.305338916482,5888.973341501612,2779.594479246461,1453.3252544030295,5617.407678086113,4208.235672841907,7724.534649338555,5921.4097678397575,2133.854408693929,1174.7890379620012
C,5,10619.515506846335,8426.987712097973,8564.611485645428,5983.420131910379,4460.236019666992,2120.543858494323,9984.60685860394,4240.393540594922,9506.588935859658,7122.566713330295,3806.701895056996,1904.2199754960625,11299.065762733226,5885.390971671281,9825.24861087685,6941.184871616845,4414.209395615006,2096.814162466922,9637.212900827471,5456.340669727701,10463.597554638312,7016.76546268415,3746.436672340132,1811.1919938576723,4517.714218761734,2022.5934434774724,9141.578337265868,8076.501209365439,1629.3390987600728,874.226614546206
C,6,8515.037826481337,9574.260709114411,9122.461285045603,4913.663215625805,3675.4693300462613,1625.6645728436356,9012.688313046649,8823.778041993823,9687.97452025404,3999.8770380986093,4168.174762163882,1654.0239090636726,8331.665220984863,7337.823052202284,9072.590804304411,4599.0228416100545,3665.9092866157916,1613.2333511085158,8221.339905730922,4681.277513076563,7000.443689450811,5194.989592826757,3289.3289329196677,1535.8729663251984,4020.9538017357163,1925.6348366985594,7950.958837486846,4332.608600293803,1592.423821267228,793.035219360594
C,7,11012.726994521727,7553.955198710968,9866.79107050391,4172.6829388924725,4555.921503453159,2091.5853534169373,9018.78194196413,6840.440028485138,9825.1005240618,3642.3861218754073,3913.1424403481064,1677.0210959926344,8446.869488104123,5735.966209012707,9133.777425469612,3589.47639872192,3551.0962755945407,1469.0487401013393,9119.373283910498,4754.289632395092,7376.205398565875,4146.924509430772,3392.229684943843,1641.1864839696343,5054.6482183978715,2932.151750548943,10096.36554351887,5853.048065358334,1811.157440895864,882.0151566003462
C,8,12348.716900558598,9631.151707992063,10755.495665830433,5929.969594235102,5135.837960705938,2275.955097437837,10711.057929186572,8488.851753924642,11464.157773049945,6224.197558088794,4522.27218492839,1940.4345369531202,8001.36403406938,5614.490947031705,12198.191772146256,5998.246380917793,3346.3981272442625,1436.8951502668904,4619.511634142981,2609.8222663655934,10922.550012090953,5419.447375736011,1782.3506694461973,899.441731274914,4535.545182719775,3173.1255719727583,8344.876804222622,3432.5493209999527,1774.2405699441515,751.3881377437361
C,9,7378.840286523908,3796.826704759088,9677.63416378311,5174.034000248546,2389.0678814717457,1545.0394193013801,7341.853697555427,4339.209465293384,9928.326711203652,4177.985537684407,2575.4521993973435,1522.7533300466405,5518.403968197885,3386.225943993969,9151.249563215526,3470.077146188202,2036.7442467361639,1166.1057281360831,5448.641471151792,3811.145775071435,7271.083620462066,3011.109733636132,1990.2781502855946,1221.426113457344,4001.9005406227056,3652.4778661839546,6532.157272049554,3461.428091945597,1556.5953601485185,875.706797324261
C,10,10514.198211255476,13608.767285721808,11285.948683212142,5619.804996163313,4934.497599188174,1875.1303119575462,9111.853701239088,6868.350866635712,11191.002700575313,6753.211240270517,3929.8242948926613,1684.0782079455964,11286.362182865185,5590.79079175662,8987.440299750748,7291.150821092388,4550.912119731818,2313.0926637130983,11899.20315673256,6590.723726178018,8576.631883784286,6617.008694365212,4739.087432720991,2457.1845354402253,5784.1592296218605,2280.1074550073827,7892.821233157133,7185.3634963844315,2072.1563633839683,1198.8214558705827
C,11,11581.425486494136,4576.161349950857,8927.009140384234,3683.6968856023373,4322.952526137965,2248.4622846121088,10536.001179217557,3952.3267389635494,9968.59953931578,4814.198045209945,3862.587101219748,2068.3417498306217,7939.284642036463,4661.7429007533165,11103.508321310444,4886.222654933942,3030.7567663219397,1481.5266276933978,6930.763332277316,5314.386430432043,10576.901031411348,4098.75616153603,2636.5608675188982,1429.4099542076287,4589.756246902172,2236.1696255030565,10642.47902086026,5634.353573995798,1467.0594715264722,800.935615962731
C,12,6869.332721523301,4979.438217410603,8849.203625964574,7781.360483068849,2826.2423093531906,1361.5966633550631,7910.516688103058,5896.24988677066,8756.396925150846,7380.509316043767,3389.7939459836193,1514.673919515544,8263.033096871968,6611.07763832784,8622.236331792483,6463.094330598752,3498.7473120138957,1615.3788498391618,7772.639828016632,6456.271842474538,7186.248266295746,4741.235059181457,3357.5175967660543,1439.531324188731,4959.142042161188,3240.367912084885,6826.884577237901,4202.174414850161,1872.3416127065925,960.3829930841536
C,13,7293.415312622732,5791.863092097418,9379.864180956134,6348.230578520767,2949.5518687086997,1537.454349319494,9578.87047106232,6850.435460509815,9844.811244790515,6790.873350825079,3775.522197326205,1991.8617704866244,9534.921588504192,6096.640328990771,8648.380274683273,5655.154341348191,3679.8371662831846,1920.165328655329,7448.933966340115,3483.2669672456236,7349.407340092916,3863.906297309547,2605.257749874034,1527.2146794151442,4575.977564007637,3417.0527993723977,6036.919289832418,4008.195497265478,1748.9580204139397,870.4722312340817
C,14,7808.26440534953,5141.182497845369,6056.315398785362,2850.5873643313057,3102.5253439089934,1585.6222251206584,7764.667159451537,4341.24641122049,6490.400799234223,4182.702676984076,2932.0618949373875,1605.026064883541,6950.23896903634,3918.784731685152,7603.306271171379,5881.8790707575745,2554.785453225331,1422.2383701625413,5902.887767281229,2910.0200182956883,7927.815918354308,5744.748475428496,2224.2372601812876,1173.5267712109955,4792.443310524156,1585.4204853641402,7901.737960930495,6067.1360142607655,1778.2895273130134,890.522700525669
C,15,6697.173151384088,4432.4952656917885,8239.770865113132,5134.147954182153,2707.9544955540923,1352.168473909146,7022.140794416613,4836.440391795397,6916.247484330395,2566.65669290684,2993.9167190309176,1390.305722372695,8196.962960402794,6208.364456584736,6416.759857506468,2816.7866820800573,3533.860860890631,1606.9008292128922,8569.827277131473,5803.522373536038,6036.293480626515,3784.8129020132333,3618.773025379521,1614.373817773491,4351.352863689521,2752.513715798889,6760.616742903549,5141.4259761346575,1688.744655151077,876.7007002470577
C,16,5478.048129834446,3272.0610763274785,7661.266041518707,5478.328418967986,1994.3338358834394,1034.340512530546,8332.270981281039,4600.290511967902,6947.578886007002,4304.860232656769,2990.1816168947344,1602.492181211173,7773.2131624044,3621.096606253828,6693.652837932479,3556.532462102444,2690.298758324921,1536.5548763582608,5329.193439143464,2585.293269281119,7591.84830735332,3423.4892466439155,1766.6458299215792,1095.9063833235502,5747.834964154168,3938.496569104364,3401.196496638121,1917.2684795058235,2184.1585724061,1139.7126748067074
C,17,6623.790305358115,3288.09260676214,10143.367108949775,6519.65237085735,2510.691782768081,1200.746457452946,7742.2536042648535,4902.174122493802,10896.208236560611,6294.92242827572,3135.1542641844285,1364.6086302541516,7067.919614438506,4106.3067741993445,10533.104083398555,5363.65725795307,2885.857568284336,1271.5708127435062,4956.8930239358915,2596.256930516642,8806.354105993081,4577.872812219534,1844.9911894322186,938.3657762706754,6265.232805723766,4379.454405526184,6761.3398314788055,3288.6829186633604,2458.666508844602,1179.8597971926774
C,18,10179.358238286837,9575.04719866288,9020.364760199818,7328.292476709378,4653.359365337322,1534.7194825423621,10039.773617218034,6345.7853899271395,7939.472754112578,6036.606583417047,4175.688564934627,1734.9112281802109,8956.203665464638,4680.03364333183,8230.798875359586,5745.38675794584,3652.2270411257105,1627.4055974557905,8309.063601790043,5443.331660059661,8275.238414497253,5722.689055590823,3547.5634268984336,1512.5328777063633,5629.45493337344,2730.0612910917275,6898.984740203978,7685.798020419393,2128.771240017868,1057.569854672527
C,19,8127.968500684183,6262.339582926314,10267.99049422468,7223.719754081802,3492.2412660192977,1467.9876169333377,8222.971667165111,7843.347688391726,10347.125055145105,7447.982797337706,3725.124411011133,1397.5172870105798,8551.17092221668,6635.34809629728,8857.20020466903,5643.9080545452625,3737.405702524645,1457.594408739907,7404.17553369484,4593.4371298881115,7651.045433581258,5528.302386200973,3007.892407059424,1327.1284579931707,4858.945760154343,5713.7377083550255,6857.672760438645,4077.484418822201,2176.1439958377955,842.1288589867422
C,20,8563.043904229271,8596.40221803528,5608.768269475806,3182.480483926238,3795.3897089038164,1621.917102181456,8751.534522163805,6588.859158259126,5550.832006549618,3523.857585809099,3598.5331683311015,1576.9728749155447,7992.326674642391,4781.230576514764,6194.329568761497,4074.7858731861,3170.5989780277832,1388.5242734693873,7135.16520303216,4576.922877375042,7129.8061345064925,4247.492688705136,2976.9549714185378,1245.2181378341047,4119.812757928492,1606.7633116329355,8419.25522929972,5747.929725902125,1505.4826959081029,756.8262019711502
C,21,7257.223192765604,5755.776275219966,8438.232555698898,5776.497827268979,2882.723570620396,1470.183980479868,8120.072170722776,6322.161057917894,8069.184061362454,5469.761551256521,3196.028845458817,1649.6760840025368,8527.519286786468,6187.447681676575,7688.049910629867,5338.534321015845,3585.613311648855,1676.9266466371923,7726.202945043517,6068.569852279934,7595.6055485137595,6490.232743911192,3308.1330475699265,1571.857974927851,4865.199409832961,3138.855556179834,6915.290842586237,4921.92377276842,1925.2019519581345,946.7876303335751
C,22,9488.810441741556,6879.59311301885,9763.238785351003,6246.930437340236,4000.1824586894677,1794.8611361206579,9701.95227254787,8538.483507110806,8866.581644756952,4207.699638681344,4420.698318827704,1781.7601543696308,8071.585949183927,7189.462480946443,8393.459615709757,4073.920477187721,3683.796488345336,1410.774733516285,8990.711942194364,8096.380442672123,7222.297325604914,4428.84666101798,3968.22720061328,1565.086690999473,4993.630200410643,3665.877305850097,8257.390793057832,5208.164597842867,2125.69241626589,887.5546386104802
C,23,7626.418248631217,4286.916338925307,7845.4546774981445,4465.4585672495605,2984.550268523435,1503.2605695921095,8008.484485321907,3631.4458206557756,8581.996379787282,6367.458226193398,3066.2004885112096,1559.0719896852581,6584.960794511155,4057.631862891337,9392.764575853802,6211.978705298819,2696.3811648912597,1162.9310421640346,4700.759442556233,3959.9423813003164,9774.51204344429,5928.275054774578,2083.7512285213456,750.5078586590924,4766.025301427496,1975.2489276425254,7345.618922702824,4087.82430501608,1731.172486387256,852.6693903609903
C,24,6986.880286264277,4902.565182168578,10805.642661210288,7897.541252471064,2722.225549513046,1480.3042058897393,8004.846914914902,7157.4940006106435,11145.787187296231,7307.431034177003,3492.9680020812793,1566.8246406454052,6752.766614231157,6035.387730189757,9909.195079393652,5469.654656924936,2979.1315179919843,1236.5390048962488,5971.206565239467,3097.6512320209786,7272.105025548404,4453.413574567676,2293.399493623012,1141.8879856410645,4367.603329175565,4634.1986533784375,6401.545833515664,3792.912939469908,1996.257619133556,745.8384091800215
C,25,7638.337498320194,6189.034962072487,6729.449038009294,4590.881473893199,3408.0140046631864,1424.6513591472994,9706.710644510666,7269.087010329657,8094.83545159329,6240.341475462578,4177.079748356305,1876.6191922993728,9438.044336135168,6024.801499563853,8441.641071303316,6061.250697940565,3970.1210879824685,1727.0723047223873,7335.1169219649255,3655.414646945513,8475.746411024236,5175.732142751379,2918.5869129367456,1359.6932594812092,3901.926815998693,1963.336222502479,7088.900586017007,5113.460794224175,1510.7703032486497,769.9787404687577
C,26,7222.76566269005,6051.768434256682,9516.62210452179,3715.131638949995,2893.2890725056345,1460.5166203505719,6060.605095714043,4937.759853800606,8959.653101416858,3692.0987496641114,2513.8448670958505,1253.0149010197588,4548.777111481319,3085.0613916198936,8499.504132147124,3550.283568091989,1816.0723122921295,875.7822010446675,5889.228448461039,3332.439914212585,7842.948835230122,3735.5575979982514,2113.248568539275,1154.1774601631166,4757.087878850069,3120.6592112721555,6135.575555312086,4129.342473240357,1790.6197638760423,969.1423742714793
C,27,5898.558299026568,5919.19610191999,10526.629294989165,8289.88594227182,2621.7371407597693,1135.1921569906697,8594.177363255309,5792.3527127506695,8660.54080061359,5712.84813575132,3433.6906914282495,1716.3021500465657,8973.342555517884,6009.651685524859,7650.955085260883,4029.922719739255,3464.4765637820833,1804.076088965158,8589.0328616922,6528.255662944849,7435.408086567749,3728.4759149956876,3485.965698809181,1705.4519983464565,6712.3535432651715,3272.85493265673,6691.352958472227,5378.952063729047,2583.35155066803,1358.403992791603
C,28,8860.495508277647,6385.403734126108,7715.12686182824,5357.438071820927,3372.5298760256433,1767.6233837333832,9839.721359080228,6167.482150412789,7657.734327042481,4730.646653226728,3901.0382896422448,1935.3589971096346,8026.014780458887,5048.956748067412,7505.407028773681,3528.1141901424635,3329.564740040153,1613.1472627058833,6374.14356232529,5247.350459695546,7539.0788152632595,3988.8667867263675,2622.239295065475,1387.2402650632173,4435.813307376622,2336.267493695976,6497.192157208405,5485.980758698448,1753.9121421248524,852.8462979350245
C,29,5889.800428883324,4479.209071691767,9824.496262740806,6219.709508561632,2469.827162299137,1075.9571574864785,7301.857285371436,4716.917763123297,8967.817283805154,6451.012205598864,3072.3546926041263,1371.4460567074586,8335.311049868054,4862.792736889731,8029.574261902402,5091.185923740606,3343.69869764716,1635.6636816054588,6949.263602084486,3549.2498346472826,7319.508700026198,4001.2258023624204,2615.357243887819,1361.910825852166,5400.2103660917055,4989.178339361671,6392.180565702716,4100.2185448403225,2467.2418111008974,892.4313216458988
C,30,8376.615943390274,6500.614650703415,6488.799955525016,4393.78803109328,3359.5248833954224,1480.9254845747141,7473.472762781906,4689.827487654209,7444.104827583338,5113.393467497923,2797.6386414986396,1314.2535782360358,7915.733489032814,4216.770960178464,8464.33731488508,4976.8814508780515,3017.508028065277,1458.7045554882743,7061.471384344788,4316.024546742025,9356.414184078469,5331.495808258244,2838.3675892858655,1347.264488994602,5214.23716774965,2387.9959711980464,8812.20735812384,7082.352469955024,1842.0928046348922,1011.2417838052392
C,31,6928.114238803177,6396.665584043976,9932.036007634288,6140.6661252510685,3046.2823458669236,1051.888790880936,6267.011720643806,5054.918604024516,10542.825860703942,6465.236170927725,2692.1386572789056,982.4018493291929,4619.94145001712,2682.4291227195017,10456.389930682028,6783.669019603733,1892.3570303041472,761.2688463295843,4524.085021367992,2872.177000018239,9445.93495531919,7307.286041248767,1868.4964123254474,781.5553994343753,3714.3117658441042,2781.2947715249556,6504.484941487998,5969.015624117252,1583.5609964681048,633.5733228852523
C,32,8111.532369171802,4959.45038526227,11728.892166760706,8649.730453343584,3187.3281736992594,1641.436236540376,8467.825829452004,6703.338886112315,10410.584730852654,6631.207523369148,3621.63940684691,1639.323143933901,6893.655347835232,5850.694740393034,8567.655829469393,4205.494898077887,3047.4941887617038,1284.9802692968372,5907.433267284741,4231.821911727563,6982.931451082995,3409.800228675563,2370.6338025773875,1105.5610504294996,6086.874296699029,5551.886958159785,7698.775085171889,4367.061504940887,2695.9782829500123,1189.5509878945525
C,33,8115.212909005515,5307.616173152524,7947.908507316037,5227.684960556957,3335.0631659604696,1705.3833148158192,7938.31632207827,3835.489665039618,8769.302955750656,6277.90289539531,3070.223324628069,1660.1379973400255,7781.583532110087,4581.600782782488,7845.80087004969,5041.894202085909,3072.2690126433954,1569.7677652069237,5992.437290262034,3606.6750369664583,7166.202050362326,4468.689851162507,2317.5786805779535,1206.5170027207662,5004.594873253143,3278.545737763675,7989.182111172544,4728.795470388903,1855.3982725960873,983.6411587925825
C,34,7693.490786260589,4657.038707346485,9033.138742886698,4522.242334617785,3110.9763933754216,1471.7923170199276,7437.308158191904,4619.918111838362,9386.124671218262,4470.590344836786,3036.3527815427424,1315.5313176857119,7281.476922585889,4698.27556938172,9770.401431447503,4825.581771234282,2944.765910645887,1286.793467055478,7423.874190738141,5793.833143963684,7883.814260784571,3990.2711939728893,3089.176873043337,1379.6237167560162,3940.801685349221,2306.2868591631745,6938.088251822189,4383.39070782276,1401.360146661496,713.4961194023218
C,35,8132.256075388141,7012.8602313401825,10805.949028082725,9655.30408518955,3539.7103089273314,1498.1709107420768,9133.487774671667,7112.455101434608,9675.574830836726,7198.732258556285,3964.956356009275,1605.8882454934405,6828.003206422645,4757.53572903894,7875.386310717731,4529.8232464920475,2834.2329305031376,1187.026426527091,5883.786053013368,3494.6785520796284,7398.040610546848,3626.500012884271,2310.0204091568353,1067.8793057766538,6671.437956160881,6419.067190573404,5086.43048906512,3244.270869341641,2987.50193540099,1131.4799626086024
C,36,5961.1118876481,4990.2410826472615,10939.81179487277,7943.605170922874,2489.7137557131873,1133.9653685725445,8628.340964239946,5722.211478512382,11247.590717575189,7280.121149827555,3547.7765731898635,1622.0446639547447,8941.628039538402,5794.816951599128,9530.190818578687,6282.904119929614,3456.334982087792,1758.504284268431,8106.397886981933,4966.405218861511,8525.70247179873,4988.245312719196,3143.99028879915,1561.4719206821949,6630.104787310223,4168.1325565876705,5104.262877842624,2540.1385737549317,2687.2790164233256,1350.541493405671
C,37,7575.409110153456,4401.560895160263,9192.341736630335,6841.109649812229,3029.0572561621548,1431.6173122395442,7423.565159307478,4792.222378554247,10243.583919125529,5916.327777163203,3007.4981924463864,1231.9662405496226,6436.756336285918,5646.625883417731,10124.925953216898,5688.596727060632,2817.2438233415774,998.2794326465157,4948.04116073994,2628.1435789589864,8105.125996619605,5254.117187755813,1857.398368973075,874.8458803133892,3701.0093304850348,2743.1140945397647,5077.044996237919,2903.764234777937,1517.271283144598,601.3576338314384
C,38,6911.772545945482,3842.711838417539,8619.557666601084,7699.855774275157,2830.57703182946,1386.962274170001,7892.107411075771,4492.859291369237,8445.862512408883,6844.798950406528,3318.268388074181,1490.7441093535351,7055.000334844507,4204.493819158722,8401.902484403166,4655.266982014015,2970.2480192375515,1223.190738053036,4946.712073185034,2705.648012030652,7995.098784496398,4112.417539585959,1957.978360094555,818.7183740482367,5012.492040770037,4267.70014659149,5090.228017462431,3493.638515071427,2057.7866131114515,945.8621218235753
C,39,8533.387583015265,6270.704255348111,9153.555045536767,5455.739391647879,3507.3120683561847,1752.3110028941585,8332.617806281924,7390.975544164209,9810.594316151983,6698.4086525372895,3600.563069116796,1772.8395748373441,8583.943212343343,6130.363278572049,9286.341955504315,6192.820244883613,3549.3224004484923,1682.775049523512,7517.062809246652,3228.919513063282,7683.348623483651,5457.2861867197225,2844.719882278431,1435.786567443201,4934.992780912058,3530.4377564752326,8177.802923112554,6179.762991570288,1795.0414603400363,902.8371925139032
C,40,8308.672377952307,6782.680540601358,8703.673748887753,4460.800501779048,3496.167081216414,1646.3329868707099,7192.852854575134,6611.687780924803,8267.403572593066,4509.7695803527895,3142.5386751715414,1413.4978076518064,7980.22418178392,5759.0122858413115,7379.494874976977,3597.524446086299,3258.14791424362,1534.9288300021365,7091.28104002694,4124.13890543886,7022.0560174495295,2759.2657040054796,2710.536036035667,1415.3689210392988,5122.832406850441,2936.0780186028637,7623.6737718837885,4445.989309326013,1910.991602968127,1067.2668915643908
D,1,5913.831857636142,5527.0075320744645,7034.580056040738,4661.5425555982965,2230.264593848637,1211.6197687638335,6579.684632499713,5676.4816248136585,6932.787870556493,4318.414013485133,2373.5842459115493,1451.8356792593252,5907.988078836563,4336.766694246426,7317.047451444847,4461.686308819175,2131.533171663142,1324.4598706112552,7149.478815363993,4993.314647472308,6097.766964472185,3848.445102017396,2610.841857757421,1583.5375034119825,3718.1886311651265,2085.5615078617084,6171.941750038139,4828.115972782359,1271.7883680284053,838.7989045988737
D,2,7196.403276153682,5173.91997299577,8902.954035691357,6399.665538203302,2766.7191603652536,1532.1268297678155,7950.242900655173,5476.765863224575,10327.403825519068,8311.008375922509,3225.3253312384713,1585.562348122006,9024.131144643923,5719.239816992075,10015.578762462237,7320.216692688504,3633.0494032371234,1777.2993049184245,5702.321355007385,2235.4578198272347,7919.248916261927,6317.95082550777,1865.7482707508154,1141.4281941288514,5050.693714350181,4210.470104848576,7845.792005151299,5665.600321184326,2132.957746869618,893.25310612049
D,3,5881.295687074114,3467.4999698923466,6433.75143129419,4881.0575911189535,2036.7350482617564,1230.2878879215828,6993.008640964644,3913.9124475892177,6460.861553316664,4516.119637766983,2521.2532705863014,1465.8664445269833,6991.9072607914595,4105.653523678256,6682.403836160463,3532.8044368770165,2676.722684161866,1471.5239780382522,4114.321895713087,1467.5639129032434,5017.3146486907735,2747.6048769397294,1413.9889120221733,754.9909281976688,3333.426601311532,2543.328152965843,4899.673978740288,2226.4848055972275,1262.4987930369834,717.358620917737
D,4,8752.124001123768,7851.810871955162,6798.999918328771,6476.367147025049,3729.4004482561213,1821.8641305202189,11252.460840177537,9372.200837597915,8474.822995673534,8040.1657654399805,4959.49979174222,2228.5102102894166,9014.987181811706,6240.048927033395,9099.864200474038,7939.044841898867,3777.7921286454757,1794.7202388014728,5191.850773377995,2829.344632061339,7044.778149755692,5733.750196923892,1865.4378855945463,1032.5408505432333,4696.647586759456,3349.5502602269707,6424.053603599512,3185.724679814645,1895.823268428106,855.4892499304963
D,5,4008.121618828016,1959.6170770544643,6347.825516206411,4543.2992654896525,1437.4430672783021,755.3014270808875,6383.952478341913,4385.447896654589,6343.940127907797,4503.124081931477,2376.7396043234503,1388.3025611568864,6609.780722785873,5391.663870892571,5733.516778878129,3788.1727087506138,2516.7693326800786,1451.426744472663,4370.99748106028,2234.0699453161,3870.2040486924407,2363.6390698951145,1484.6243467503587,901.0593719955219,2844.029982935943,1522.9756912575394,4058.0019919372617,2105.303315957873,986.6053855296599,581.6847104548337
D,6,6095.79620044946,3670.0107196827,7466.105452919118,6900.931748024423,2100.1222739012314,1288.205123734133,9364.42996154731,6670.613127387545,7706.349401782968,7262.448344748436,3333.0213667314615,2093.265228570493,9539.52635137398,7201.807723859438,8613.501620470772,6357.613223266053,3470.8663603475443,2188.2441782501155,5201.538152696764,2378.836553031741,6150.905431979981,5911.360745787655,1545.4583875438911,1100.1440328687052,4950.455551005725,4818.41554222097,6439.23241710972,3469.588930578566,1822.4110746703968,1023.5338485895962
D,7,9913.687020940637,6552.504837909939,8359.5778473815,4594.458067315282,3954.5842218115713,2033.5633812660897,7852.578697313081,3787.471822008027,8045.58129513737,5121.313857140145,2989.227684065474,1564.3719453958163,5606.104508104283,2921.055758490898,8632.563469268576,6443.805017635132,2165.1238646485135,1012.6796001937898,6997.527062703115,4154.081728461481,6769.859856396612,5342.978613306406,2684.190469519795,1442.4761980304502,3602.559368823887,1616.5880718659412,8462.644970449064,4953.181601671107,1276.0644023140126,695.2690720878791
D,8,6774.58276700094,5872.639979860326,6875.32218236333,4066.9903585087036,2770.1656170223832,1395.7743134447157,7357.773383648143,5768.175867193974,6449.021257745261,3824.516983999382,3102.6385505591197,1490.8767270677395,7186.689461067021,5020.545049114509,7295.205107388549,4443.2242168420935,3088.819495483451,1411.2307473908022,6376.676105076121,5239.287914492888,5702.235981335403,3665.494837933055,2645.826800989398,1267.252534723245,4143.145393528652,2662.773694492703,6422.990124261583,4913.12784358276,1578.056524505161,861.8631445319103
D,9,9940.462725598954,7785.749662105621,7030.274679631443,4449.004255609678,4480.370655067761,1834.0892797804809,8463.899801364876,5810.6503209585435,7836.967633179174,5450.292025226906,3691.5651540332,1614.0127010831743,6054.112949405073,3309.9750597014786,9322.955048836411,6510.830119491344,2426.5356749938446,1193.0803142384298,5428.876315038723,3688.4376714283203,6979.931799901789,5614.127943743335,2194.8319195163112,1018.6978361218662,3632.9119006926326,1899.9731897597512,7993.188666788982,6704.706972968033,1393.318758915381,713.2274562216528
D,10,7210.262133997356,6213.052386632831,8760.402871684677,6287.597978423784,2899.254007620281,1531.7505074847181,9818.157155712157,8270.774574714158,9243.653425127006,6194.976181341439,3971.205580947826,2164.953954155695,8860.820928644009,6604.6039980080795,9279.09007241541,6144.657925527812,3668.0713467011274,1899.3051141040646,5200.6015891436955,4568.568387470637,5280.743384503247,2892.7642155946937,2171.1861921499262,1029.638945430688,3861.2345915259175,2960.191451444261,5298.459985578577,3221.768085030744,1519.4992507166783,739.8126198844269
D,11,8149.536010164771,4965.678535610986,7798.273111881207,4835.400630119555,3456.3625832084153,1506.1673017106184,8205.162522871262,4479.934315731527,8297.816760564894,6141.0135850556735,3369.493071606993,1566.358192003381,5791.436176193929,2860.246321048632,8349.612581772042,6731.36354244547,2213.54889775464,1089.0857165662412,5327.910179512455,3235.27999082731,4924.408927839126,2232.0261938804188,1973.0960690962431,887.592209229034,2813.2537325065605,1450.813026043641,5395.310025269671,2487.6353443028133,1016.3841278849891,482.61059263391314
D,12,7725.994489698507,4659.2373458698485,10593.25491673646,10334.106924417261,3105.980637938911,1653.275765597321,9263.435507096388,6258.079066763687,10500.800645230542,9078.270212938467,4019.733767829136,1835.3160216013798,10277.769626023568,6703.165186267406,9597.911585768732,7363.853927157735,4486.453605887127,1893.6175151612724,7043.084655204438,4238.652679758485,7154.047785023543,5425.967892537674,2582.2593357650926,1390.4831813621072,7422.876073264636,6168.977411285875,6425.661808509482,4843.182561360108,3233.351776192428,1348.7405468150425
D,13,7968.353176144662,7713.492669357071,9490.254057314814,6181.015366335026,3571.181454372333,1341.5758341892001,10894.787979672059,6513.220737699068,8341.87185726194,6941.0935520472,4486.7223888426615,2030.534341555273,8886.387070145669,3917.257119407388,8292.79783298167,7542.520455394503,3420.6198398385995,1721.577154733222,6019.308123121071,3049.278147189706,5635.016139371401,4938.172860762757,2251.510856911971,1107.618142282944,4763.601246622238,1799.6993257705744,6551.232441853441,4858.552731941581,1797.7293754223099,895.1912851308628
D,14,9500.486804496159,7395.06821994188,9245.343339855495,7984.327423345667,4106.772248788546,1614.0037290089397,11288.487500900175,5348.006866302671,9218.425088765563,7849.427971296228,4529.97161240021,2171.753553812149,12019.703822214866,8360.392146229347,9299.553995298444,8108.99781614712,5185.661933192343,2295.426853486371,8535.0835190725,6697.075318559364,9022.19408270056,7582.3946433717765,3747.143200321896,1587.3172687205363,6070.339563137981,5085.810809320555,9203.0448240129,8090.157011282868,2602.154585887629,1104.2621045603416
D,15,6774.9533814927345,4706.52984465202,8294.650034465403,7154.188455862277,2507.6299800523616,1416.0169318464157,7610.5015347172375,5487.435502132718,8416.065022784282,6862.1480466044295,2918.327852837513,1546.8922651442901,6771.335860990736,3862.301212704784,7532.154189076277,4809.6042382124,2541.250035422491,1380.110580240795,5393.6207669546275,3107.567541064198,6053.130073568049,3721.0876224184876,1914.1589733645308,1011.4461267004508,4744.401312603874,3314.231537621147,5868.388135129556,3188.752137666183,1776.7678000511773,951.5660270948621
D,16,4148.782380701597,3099.7613226795365,6053.547862626054,3611.0307340696427,1638.0704711981198,800.6702617745381,5296.554265268405,3856.7367572945745,5278.335965030677,3425.7633414340926,2031.9183442838075,1129.2200534620847,5973.88936645186,4568.462469736771,5415.362933040711,3309.9499274458367,2211.0721493243454,1361.5415560625304,5354.976975402797,2910.9815514540646,4768.201050200234,2258.4073538933108,1880.9699372015878,1159.7516434019512,4202.343169413138,2690.0031387503523,4881.51488027116,2937.085508832053,1609.705406018188,921.4713286034498
D,17,7093.243068165563,6259.9639995707,7606.627075974572,5472.08393480496,2973.210639882789,1407.407497741271,4931.723165995147,3450.834915493178,7275.335813784841,6055.698177886648,1914.2675292226206,981.7467674034035,4282.400177800648,3812.0665940107842,7304.747674170274,5992.739626348201,1751.8902313982912,853.1754283982413,3534.861495912072,1977.3237480792748,4588.487159650213,3489.9449437956946,1237.7334016881075,703.0326879950667,2524.317320067019,1169.3735791481108,4920.412850827699,4180.721192558724,897.7653567669469,509.4507861788613
D,18,4636.158315491522,3998.1538956997156,8591.635702960932,6189.121346472131,1976.469044521954,872.1118247561368,6964.27365879683,5231.416003854847,9169.688237161237,7479.378271004002,2824.6899814249914,1330.89962805511,6587.491577799317,4237.877854825817,7326.305846815623,5569.503968165857,2490.919297058317,1369.3196598835013,6359.909360104917,4488.873459037342,5357.465815321602,3556.002400014718,2413.4688230954753,1299.3223971837967,5405.661841839708,2958.1013423610293,6169.583076543672,5005.69476999706,2167.656775226082,994.5653517647237
D,19,7241.028554361909,5264.125708502361,7201.055347406801,4678.108235690354,3231.665007492236,1271.1235726899588,9181.844855047077,6861.98178792727,6893.140473917201,4525.5471320432125,4127.490382738159,1727.9188731366366,8462.264661787345,5730.598249211429,8004.489040715159,4993.033003302794,3641.3825404500803,1681.7055496997457,6269.053874097341,3051.091857624927,4878.603577237354,2997.1058975563237,2483.9720534394187,1111.8686374100444,4297.516835160699,2070.570344496986,5515.762166146442,2595.4429188979493,1555.988981029534,905.651240028259
D,20,7549.0066923616505,5378.544734282592,8155.258849843867,6510.923539870768,3089.5678789533704,1509.202800305814,8232.63786717494,7090.547704370746,8961.39560421557,7322.7056910165265,3716.1387772803173,1592.8100621399888,6917.514146441345,6048.9409018260285,8945.103955294016,6461.876796177976,3094.8841599624675,1394.4554755989445,4850.922044814439,3342.1458398958757,5781.536534773253,4296.984660442959,1935.6861465414736,797.7284597838774,4764.194216297517,4298.257550379838,5171.7105410485365,3017.259365650799,2125.7024617625893,787.5101592790871
D,21,8790.396531265416,6823.818895832225,8715.585013598613,5564.12375138577,3850.7403427065196,1766.14285062524,11378.66844766071,9796.392849320133,8616.393016553533,5827.291918467575,5028.509213827735,2436.8247369169653,9701.461966016594,8085.781423086669,9301.712128506859,6939.367215632013,4223.8732381532955,2128.71117723222,5617.918481457895,3353.2036824049073,5609.825470866743,2701.789574553268,2200.1235414251423,1074.749903662163,5278.301920847171,4246.300193389659,5280.845928482389,2973.6106049096234,2282.924928650861,1019.980534508772
D,22,6703.757227085581,5617.265886558856,8704.667740365749,7315.713592916678,2688.4988199520503,1433.3819265719667,5979.5149382514555,4659.819159927529,9073.74082497279,7710.16172033519,2410.5368937788035,1195.734960164857,4684.892815471948,3644.7579902566004,8888.142446685837,6461.61260134972,1789.5360513901269,904.0047017350588,4270.488009388869,2550.214434447797,4999.741820953614,3316.3640772022377,1425.6337009768479,870.4102390255376,3903.768910441057,3887.4841213661366,4534.9354617211975,2436.738717378937,1628.1470364014265,694.7812153478806
D,23,7792.08128909343,4772.6209973305085,9868.925027715208,5815.002379392152,3034.7409785454643,1533.6332843817074,6967.432052109814,3656.518166129197,9550.090315309346,6195.5850107705455,2642.732021947928,1294.5939822176995,6690.794065417784,3342.0263724528213,9191.449475981502,6410.658587889344,2557.438227945766,1302.4111169683515,6070.658817769496,5117.606131604646,6025.218313582267,3389.600344055752,2569.440301030857,1173.9944087957788,3224.8151938471883,1489.8298444897405,6928.437191202684,4729.597884604936,1112.1637906588,658.9875885460791
D,24,7401.798482123203,4294.724057496436,9154.165290738234,5351.687714389115,2949.063939177814,1489.6471500030225,6858.56089062896,5219.51472931487,9477.311228868954,6105.994554219193,2886.925425313573,1327.0111770662159,5166.351350405836,3629.4462007529196,9045.16867856378,5582.627734327157,2089.9560703253446,1002.0866496220904,5431.3810341666185,3561.8225056416213,5629.227565564865,2744.908613475989,1985.7096146879067,1026.100459659645,3806.7724851864446,2817.8913651926723,4826.233435669118,2610.4400035107997,1518.0187076834868,692.3027095358862
D,25,8165.568351622813,5250.592966034968,7460.91278493848,5012.449087326626,3343.0407671160565,1568.0936813114367,10057.168234447647,6532.330143525907,8593.33703080661,7299.568141333282,4315.235633933484,1975.2577750420603,11143.206814777472,7820.732950503866,9229.74227283897,5905.491137659028,4894.995970518727,2129.241947336742,5889.130328166773,2629.678873525495,6123.540093308724,4286.119793226806,2266.214376288849,1085.890215247017,4572.006741063767,2253.230760412141,6197.854458358695,3257.78159573401,1680.8275945373105,808.2002793782995
D,26,6781.826177445215,3801.8310323998912,9521.988251253799,7678.81063742847,2671.76067203021,1369.3221954243697,8531.548894833997,5006.934986102456,9622.838642706874,7165.44982364522,3264.7901476288707,1823.2988506016559,8674.235127151902,5784.633822368018,9682.052186994866,6754.562741089013,3388.0670405478963,1866.0516775094247,6376.057549769323,3160.7100661132504,7641.601919901781,6203.96485152869,2409.2161251121406,1251.4196937227637,4824.8767509562595,4902.543863963052,6501.956109376035,5002.145580448219,2091.876419709064,819.2125215888605
D,27,7333.049020668674,4963.947376883663,7192.110332293911,4512.280230034608,2960.468523725607,1536.6145974312728,7434.403304219945,4791.456408045841,6960.652875201851,4709.106558806481,2883.786203028723,1639.1204287261999,7750.297854319517,5896.332179357801,7120.3233669310175,5064.547557564855,3122.716862867371,1708.0662961623439,5381.169042078249,3948.516587350072,5575.821719450886,3800.4355543673887,2044.3648851286587,1139.3651910336898,3038.4908578215236,2143.881248328606,6152.051758280853,4421.8277443760135,1109.9410628228839,637.2322971660473
D,28,7187.129700778965,5997.580067342233,10018.967502817886,7392.185867267485,2881.197017506093,1375.3202619037775,7028.427722032688,6908.880788967371,9266.53199470209,6549.735403332145,2990.099451305705,1300.2800803953614,6307.810392228448,4437.604033225,8533.433121973187,6104.558521839311,2568.3054638036583,1213.5309838376845,6491.391564184178,5757.738927776988,6152.283882117059,4098.14959800062,2786.7797249221276,1198.5100449494055,3924.4420228310187,2297.6742174290034,6706.009057450252,4994.318746350214,1404.5467857649273,777.5409200714938
D,29,7130.397146510422,4900.106277728682,6972.908344985759,3840.8860134971405,2727.9670858563404,1479.4793804138242,7059.752062633306,4664.406533970296,7809.733253839802,4241.32412300319,2672.8970270050613,1495.0573680695006,5530.882392471085,3693.0898256951887,8594.283034386714,5491.873263045378,2049.9044954893143,1204.1740697145335,4621.61313737387,2939.692927578195,6297.414320165383,4701.082329387134,1630.4939996828766,987.1542552903846,3006.810865662872,1537.707032607867,7045.132026472149,5057.269107267917,1022.4168318851158,595.8375253586402
D,30,10385.629649521683,8879.188576833816,9255.60575076237,6215.634621577633,4218.465460873642,1927.383088339072,9478.617784774378,7257.7466468704215,8821.821692284742,5110.901715160874,3986.4331008269883,1711.9210096723396,7805.725102459958,4008.9854857340747,8961.901255361934,4943.748256802948,3079.690167726895,1481.6590304289032,7770.937393369286,5656.077088259579,7678.753778084341,5607.086579994593,3085.1853468080353,1491.2065737552953,4800.88176467095,2643.4850636328442,7929.497360718675,6877.068948695045,1680.1280249329302,968.5136135454172
D,31,6235.036986066933,2652.389447720181,6440.795512328274,3498.363753188334,2154.67815123066,1271.7252628352687,6839.785092796883,3669.006798079493,7525.635812784528,6120.206191958321,2547.342821965647,1425.9687578521734,5966.869490396339,2983.7416919997167,7349.085084527213,4082.135866538452,2271.131342574827,1200.443357204362,3367.899509109442,1418.486304671419,5685.932753469877,2997.0565567350336,1102.3007388476271,602.1577284485204,4272.35118885655,1722.7979623496255,5483.351463010013,2637.1673099380628,1508.4965130907067,831.6520616719258
D,32,7892.587442933588,5011.514387452863,13966.962928989977,10140.69655565976,3255.1359466318177,1547.835598504213,8427.830013673756,6453.618680486151,13719.60422519295,10310.338409713708,3651.482370328417,1629.4137006208332,11015.683409257781,9517.084760550517,11249.409042926614,8239.566261941274,4810.61428223101,2313.6683790704396,7314.770118461719,4494.436684842665,8462.232568219224,7757.255454097144,2978.0649780214612,1511.7836174602887,7190.705700153016,7278.504759480957,7303.641680890244,6399.543983532165,3299.6645288155296,1287.978092182764
D,33,5716.931905740492,3321.152674166966,11342.744880750502,7693.275536236712,2173.727334759,1140.2420704578667,7664.307771464946,6915.1293830457025,12028.158154574983,8038.192091262273,3137.837754656299,1535.031625282632,9043.778791779627,7324.115009020342,9206.02655264766,5957.753644365152,3737.8147553970125,1821.79861308143,7476.265087762372,5816.096013435946,6014.181312223374,3388.341092991248,2748.8752750523877,1633.9475752946335,5955.006501494016,4031.2448532883723,4895.772053465042,2027.4234959082162,2310.3507841929295,1235.5718518150911
D,34,6039.321450137895,4233.585409780263,9492.967207695347,5657.923385052224,2418.3920299553347,1129.6544200536614,8666.688233993136,8747.836910760563,9309.196885987805,5993.121131798934,3894.336570106203,1630.99001033482,9450.697052985717,9071.69051019087,8034.15976800934,5265.781753771241,4096.6836009371855,2014.7009093328852,6741.092988376153,4143.17014157829,6187.307158544028,4841.32353102742,2444.120052931663,1442.5343771553796,5149.979229364342,4753.291537147269,5114.565308887104,3629.7373718533086,1912.111622306277,1115.904993079808
D,35,7052.837695760597,4888.501144242308,11489.248723582152,7253.046550772019,2700.615857813036,1411.623277755655,7770.334677331931,5764.9475552473905,10972.800775947928,8804.837761501149,2995.501647458765,1643.256990059894,9718.408480144233,7838.9011459234935,8424.628651352996,6114.60055108281,3901.9251521403044,2136.1886334081064,5467.6085925199495,3734.355671197109,7105.728087965164,6434.742168681114,1913.8629879584496,1173.9557332225224,4777.993367631903,2434.7902124958414,6712.899226744845,4515.894571850463,1778.7899313955418,896.7614874716367
D,36,6415.136519026584,3366.10738721323,8631.188297628665,5700.057741670516,2447.6865110844374,1305.3666637655606,6146.776929227766,4607.466319172965,9305.778154894146,6375.0589453663015,2443.1401202286047,1188.1105192735583,5712.544613552515,3822.082487096811,8176.970987931682,4954.8994496632895,2208.4977111106873,1191.074749477128,4298.263004884299,2114.3067754805575,6827.907766186443,4677.780741062033,1549.6395606910382,851.8106931543962,3168.6022051852224,2193.688803202347,6463.2458573530375,3867.956164909163,1259.2092945974052,572.2272324190122
D,37,10833.24417094194,7868.197203473774,10707.38150298018,7279.563850234291,4439.05680738672,2280.063892663962,10589.299474482144,7278.488829402172,11345.317532002391,7819.522086453826,4341.144265017832,2211.4289813245487,8315.095555396656,4709.459300665287,11052.144800483562,6787.939064741536,3228.948363693693,1722.580349608154,5360.842854175077,3130.394287121035,7189.077763528934,3850.8050786405456,2003.2055921751607,981.3206276596374,4604.596690944001,3092.342043459545,7424.279285421553,4183.3277234828765,1641.4300471797092,984.1004168514783
D,38,6213.393813521216,4586.884053264948,8130.3176689988,4788.047988342003,2510.8409236133575,1119.5481341032305,7069.907422191829,5348.525688602131,8498.907641883947,5213.898180677932,3019.5659743939564,1238.7981954715297,6999.292359337628,5500.368257536753,8195.513192090704,3847.8535070890157,3047.2845286630536,1235.1437701716952,5773.678358609488,4330.781709036425,6222.483421975416,4784.969791648754,2216.4367660165035,1061.2255221961511,4200.00483254444,2478.2817447988728,6775.959663514077,5594.241069030741,1627.9006057817296,720.0750471232598
D,39,7311.750964114532,5335.777060444919,7729.313946733224,5460.018996678059,2646.74916962596,1665.3122576136063,8843.220849031812,6003.9060215204145,7475.710241587918,5231.906915988427,3363.296283202454,1971.8777283193388,8168.428527217841,4835.276299833729,7613.37552013023,4934.2704693279375,3228.894396890042,1735.1686992965074,6671.85058816068,3012.1834654051177,5497.484049930064,4415.724943541494,2446.633824036848,1368.5173817636778,5145.655412691906,2499.8522704020907,5362.056525936896,3326.136361291815,1956.093798971679,1014.5161942877698
D,40,6304.870130383324,4158.907144791785,10937.012401502092,7859.061641547255,2572.046025435462,1166.4601092936452,9586.555970987762,6202.542995829926,11144.503668642667,7508.960350282197,4017.2408634315293,1812.7887853916193,8934.766066293214,6636.700938012446,10952.093671963772,7504.835323428563,3716.3653843075567,1783.6774012699202,6642.531082935394,4757.698425944749,5938.546618861785,3648.129262801041,2683.997122854972,1184.185195673707,4650.075053398641,4191.46704600664,5178.591139937256,2737.819746004721,1986.9126300997673,923.1711928976179
